<?xml version="1.0" encoding="ISO-8859-1" ?>
<link_info>
   <banner>TI ARM Linker PC v20.2.6.LTS</banner>
   <copyright>Copyright (c) 1996-2018 Texas Instruments Incorporated</copyright>
   <link_time>0x631a4c71</link_time>
   <link_errors>0x0</link_errors>
   <output_file>lab1_template_eel4742.out</output_file>
   <entry_point>
      <name>_c_int00_noargs</name>
      <address>0x521</address>
   </entry_point>
   <input_file_list>
      <input_file id="fl-2">
         <path>.\</path>
         <kind>object</kind>
         <file>lab1Dev.obj</file>
         <name>lab1Dev.obj</name>
      </input_file>
      <input_file id="fl-3">
         <path>.\</path>
         <kind>object</kind>
         <file>system_msp432p401r.obj</file>
         <name>system_msp432p401r.obj</name>
      </input_file>
      <input_file id="fl-4">
         <path>.\ccs\</path>
         <kind>object</kind>
         <file>startup_msp432p401r_ccs.obj</file>
         <name>startup_msp432p401r_ccs.obj</name>
      </input_file>
      <input_file id="fl-e">
         <kind>object</kind>
         <file>&lt;internal&gt;</file>
         <name>&lt;internal&gt;</name>
      </input_file>
      <input_file id="fl-c4">
         <path>C:\ti\ccs1200\ccs\tools\compiler\ti-cgt-arm_20.2.6.LTS\lib\</path>
         <kind>archive</kind>
         <file>rtsv7M4_T_le_v4SPD16_eabi.lib</file>
         <name>copy_zero_init.c.obj</name>
      </input_file>
      <input_file id="fl-c5">
         <path>C:\ti\ccs1200\ccs\tools\compiler\ti-cgt-arm_20.2.6.LTS\lib\</path>
         <kind>archive</kind>
         <file>rtsv7M4_T_le_v4SPD16_eabi.lib</file>
         <name>copy_decompress_none.c.obj</name>
      </input_file>
      <input_file id="fl-c6">
         <path>C:\ti\ccs1200\ccs\tools\compiler\ti-cgt-arm_20.2.6.LTS\lib\</path>
         <kind>archive</kind>
         <file>rtsv7M4_T_le_v4SPD16_eabi.lib</file>
         <name>copy_decompress_lzss.c.obj</name>
      </input_file>
      <input_file id="fl-c7">
         <path>C:\ti\ccs1200\ccs\tools\compiler\ti-cgt-arm_20.2.6.LTS\lib\</path>
         <kind>archive</kind>
         <file>rtsv7M4_T_le_v4SPD16_eabi.lib</file>
         <name>boot_cortex_m.c.obj</name>
      </input_file>
      <input_file id="fl-c8">
         <path>C:\ti\ccs1200\ccs\tools\compiler\ti-cgt-arm_20.2.6.LTS\lib\</path>
         <kind>archive</kind>
         <file>rtsv7M4_T_le_v4SPD16_eabi.lib</file>
         <name>memcpy_t2.asm.obj</name>
      </input_file>
      <input_file id="fl-c9">
         <path>C:\ti\ccs1200\ccs\tools\compiler\ti-cgt-arm_20.2.6.LTS\lib\</path>
         <kind>archive</kind>
         <file>rtsv7M4_T_le_v4SPD16_eabi.lib</file>
         <name>memset_t2.asm.obj</name>
      </input_file>
      <input_file id="fl-ca">
         <path>C:\ti\ccs1200\ccs\tools\compiler\ti-cgt-arm_20.2.6.LTS\lib\</path>
         <kind>archive</kind>
         <file>rtsv7M4_T_le_v4SPD16_eabi.lib</file>
         <name>autoinit.c.obj</name>
      </input_file>
      <input_file id="fl-cb">
         <path>C:\ti\ccs1200\ccs\tools\compiler\ti-cgt-arm_20.2.6.LTS\lib\</path>
         <kind>archive</kind>
         <file>rtsv7M4_T_le_v4SPD16_eabi.lib</file>
         <name>pre_init.c.obj</name>
      </input_file>
      <input_file id="fl-cc">
         <path>C:\ti\ccs1200\ccs\tools\compiler\ti-cgt-arm_20.2.6.LTS\lib\</path>
         <kind>archive</kind>
         <file>rtsv7M4_T_le_v4SPD16_eabi.lib</file>
         <name>cpy_tbl.c.obj</name>
      </input_file>
      <input_file id="fl-cd">
         <path>C:\ti\ccs1200\ccs\tools\compiler\ti-cgt-arm_20.2.6.LTS\lib\</path>
         <kind>archive</kind>
         <file>rtsv7M4_T_le_v4SPD16_eabi.lib</file>
         <name>exit.c.obj</name>
      </input_file>
      <input_file id="fl-ce">
         <path>C:\ti\ccs1200\ccs\tools\compiler\ti-cgt-arm_20.2.6.LTS\lib\</path>
         <kind>archive</kind>
         <file>rtsv7M4_T_le_v4SPD16_eabi.lib</file>
         <name>_lock.c.obj</name>
      </input_file>
      <input_file id="fl-cf">
         <path>C:\ti\ccs1200\ccs\tools\compiler\ti-cgt-arm_20.2.6.LTS\lib\</path>
         <kind>archive</kind>
         <file>rtsv7M4_T_le_v4SPD16_eabi.lib</file>
         <name>args_main.c.obj</name>
      </input_file>
   </input_file_list>
   <object_component_list>
      <object_component id="oc-26">
         <name>.intvecs:retain</name>
         <load_address>0x0</load_address>
         <run_address>0x0</run_address>
         <size>0xe4</size>
         <input_file_ref idref="fl-4"/>
      </object_component>
      <object_component id="oc-99">
         <name>.text:main</name>
         <load_address>0xe4</load_address>
         <run_address>0xe4</run_address>
         <size>0x124</size>
         <input_file_ref idref="fl-2"/>
      </object_component>
      <object_component id="oc-ca">
         <name>.text:setup</name>
         <load_address>0x208</load_address>
         <run_address>0x208</run_address>
         <size>0xc8</size>
         <input_file_ref idref="fl-2"/>
      </object_component>
      <object_component id="oc-37">
         <name>.text</name>
         <load_address>0x2d0</load_address>
         <run_address>0x2d0</run_address>
         <size>0x9c</size>
         <input_file_ref idref="fl-c8"/>
      </object_component>
      <object_component id="oc-d0">
         <name>.text:toggle</name>
         <load_address>0x36c</load_address>
         <run_address>0x36c</run_address>
         <size>0x90</size>
         <input_file_ref idref="fl-2"/>
      </object_component>
      <object_component id="oc-ab">
         <name>.text:SystemInit</name>
         <load_address>0x3fc</load_address>
         <run_address>0x3fc</run_address>
         <size>0x78</size>
         <input_file_ref idref="fl-3"/>
      </object_component>
      <object_component id="oc-17">
         <name>.text:decompress:lzss:__TI_decompress_lzss</name>
         <load_address>0x474</load_address>
         <run_address>0x474</run_address>
         <size>0x68</size>
         <input_file_ref idref="fl-c6"/>
      </object_component>
      <object_component id="oc-e7">
         <name>.text:__TI_auto_init_nobinit_nopinit:__TI_auto_init_nobinit_nopinit</name>
         <load_address>0x4dc</load_address>
         <run_address>0x4dc</run_address>
         <size>0x44</size>
         <input_file_ref idref="fl-ca"/>
      </object_component>
      <object_component id="oc-55">
         <name>.text:_c_int00_noargs:_c_int00_noargs</name>
         <load_address>0x520</load_address>
         <run_address>0x520</run_address>
         <size>0x34</size>
         <input_file_ref idref="fl-c7"/>
      </object_component>
      <object_component id="oc-1d">
         <name>.text:decompress:none:__TI_decompress_none</name>
         <load_address>0x554</load_address>
         <run_address>0x554</run_address>
         <size>0xe</size>
         <input_file_ref idref="fl-c5"/>
      </object_component>
      <object_component id="oc-67">
         <name>.text:Reset_Handler</name>
         <load_address>0x562</load_address>
         <run_address>0x562</run_address>
         <size>0xc</size>
         <input_file_ref idref="fl-4"/>
      </object_component>
      <object_component id="oc-93">
         <name>.text:_system_pre_init</name>
         <load_address>0x56e</load_address>
         <run_address>0x56e</run_address>
         <size>0x4</size>
         <input_file_ref idref="fl-cb"/>
      </object_component>
      <object_component id="oc-db">
         <name>.text:abort:abort</name>
         <load_address>0x572</load_address>
         <run_address>0x572</run_address>
         <size>0x4</size>
         <input_file_ref idref="fl-cd"/>
      </object_component>
      <object_component id="oc-6d">
         <name>.text:Default_Handler</name>
         <load_address>0x576</load_address>
         <run_address>0x576</run_address>
         <size>0x2</size>
         <input_file_ref idref="fl-4"/>
      </object_component>
      <object_component id="oc-1b8">
         <name>__TI_handler_table</name>
         <load_address>0x578</load_address>
         <run_address>0x578</run_address>
         <size>0x8</size>
      </object_component>
      <object_component id="oc-1ba">
         <name>.cinit..data.load</name>
         <load_address>0x580</load_address>
         <run_address>0x580</run_address>
         <size>0x6</size>
      </object_component>
      <object_component id="oc-1b9">
         <name>__TI_cinit_table</name>
         <load_address>0x588</load_address>
         <run_address>0x588</run_address>
         <size>0x8</size>
      </object_component>
      <object_component id="oc-18c">
         <name>.binit</name>
         <load_address>0x0</load_address>
         <run_address>0x0</run_address>
         <size>0x0</size>
      </object_component>
      <object_component id="oc-d6">
         <name>.data</name>
         <load_address>0x20000000</load_address>
         <run_address>0x20000000</run_address>
         <size>0x2</size>
         <input_file_ref idref="fl-2"/>
      </object_component>
      <object_component id="oc-29">
         <name>.stack</name>
         <uninitialized>true</uninitialized>
         <run_address>0x2000fe00</run_address>
         <size>0x4</size>
         <input_file_ref idref="fl-c7"/>
      </object_component>
      <object_component id="oc-1bc">
         <name>.stack</name>
         <uninitialized>true</uninitialized>
         <run_address>0x2000fe00</run_address>
         <size>0x0</size>
      </object_component>
      <object_component id="oc-da">
         <name>.debug_info</name>
         <load_address>0x0</load_address>
         <run_address>0x0</run_address>
         <size>0x532</size>
         <input_file_ref idref="fl-2"/>
      </object_component>
      <object_component id="oc-d7">
         <name>.debug_info</name>
         <load_address>0x532</load_address>
         <run_address>0x532</run_address>
         <size>0xf4</size>
         <input_file_ref idref="fl-2"/>
      </object_component>
      <object_component id="oc-9a">
         <name>.debug_info</name>
         <load_address>0x626</load_address>
         <run_address>0x626</run_address>
         <size>0x1b2</size>
         <input_file_ref idref="fl-2"/>
      </object_component>
      <object_component id="oc-cc">
         <name>.debug_info</name>
         <load_address>0x7d8</load_address>
         <run_address>0x7d8</run_address>
         <size>0x105</size>
         <input_file_ref idref="fl-2"/>
      </object_component>
      <object_component id="oc-d1">
         <name>.debug_info</name>
         <load_address>0x8dd</load_address>
         <run_address>0x8dd</run_address>
         <size>0x13a</size>
         <input_file_ref idref="fl-2"/>
      </object_component>
      <object_component id="oc-121">
         <name>.debug_info</name>
         <load_address>0xa17</load_address>
         <run_address>0xa17</run_address>
         <size>0xa7</size>
         <input_file_ref idref="fl-2"/>
      </object_component>
      <object_component id="oc-12a">
         <name>.debug_info</name>
         <load_address>0xabe</load_address>
         <run_address>0xabe</run_address>
         <size>0x37e2</size>
         <input_file_ref idref="fl-2"/>
      </object_component>
      <object_component id="oc-b5">
         <name>.debug_info</name>
         <load_address>0x42a0</load_address>
         <run_address>0x42a0</run_address>
         <size>0x26b</size>
         <input_file_ref idref="fl-2"/>
      </object_component>
      <object_component id="oc-12f">
         <name>.debug_info</name>
         <load_address>0x450b</load_address>
         <run_address>0x450b</run_address>
         <size>0x1028</size>
         <input_file_ref idref="fl-2"/>
      </object_component>
      <object_component id="oc-32">
         <name>.debug_info</name>
         <load_address>0x5533</load_address>
         <run_address>0x5533</run_address>
         <size>0x84</size>
         <input_file_ref idref="fl-2"/>
      </object_component>
      <object_component id="oc-11a">
         <name>.debug_info</name>
         <load_address>0x55b7</load_address>
         <run_address>0x55b7</run_address>
         <size>0x2a4</size>
         <input_file_ref idref="fl-2"/>
      </object_component>
      <object_component id="oc-134">
         <name>.debug_info</name>
         <load_address>0x585b</load_address>
         <run_address>0x585b</run_address>
         <size>0xbb</size>
         <input_file_ref idref="fl-2"/>
      </object_component>
      <object_component id="oc-ad">
         <name>.debug_info</name>
         <load_address>0x5916</load_address>
         <run_address>0x5916</run_address>
         <size>0x133</size>
         <input_file_ref idref="fl-3"/>
      </object_component>
      <object_component id="oc-75">
         <name>.debug_info</name>
         <load_address>0x5a49</load_address>
         <run_address>0x5a49</run_address>
         <size>0x2d3</size>
         <input_file_ref idref="fl-4"/>
      </object_component>
      <object_component id="oc-27">
         <name>.debug_info</name>
         <load_address>0x5d1c</load_address>
         <run_address>0x5d1c</run_address>
         <size>0xff</size>
         <input_file_ref idref="fl-4"/>
      </object_component>
      <object_component id="oc-6a">
         <name>.debug_info</name>
         <load_address>0x5e1b</load_address>
         <run_address>0x5e1b</run_address>
         <size>0x162</size>
         <input_file_ref idref="fl-4"/>
      </object_component>
      <object_component id="oc-6e">
         <name>.debug_info</name>
         <load_address>0x5f7d</load_address>
         <run_address>0x5f7d</run_address>
         <size>0x14a</size>
         <input_file_ref idref="fl-4"/>
      </object_component>
      <object_component id="oc-42">
         <name>.debug_info</name>
         <load_address>0x60c7</load_address>
         <run_address>0x60c7</run_address>
         <size>0x2a8</size>
         <input_file_ref idref="fl-c5"/>
      </object_component>
      <object_component id="oc-1e">
         <name>.debug_info</name>
         <load_address>0x636f</load_address>
         <run_address>0x636f</run_address>
         <size>0x1ea</size>
         <input_file_ref idref="fl-c5"/>
      </object_component>
      <object_component id="oc-3d">
         <name>.debug_info</name>
         <load_address>0x6559</load_address>
         <run_address>0x6559</run_address>
         <size>0x46</size>
         <input_file_ref idref="fl-c5"/>
      </object_component>
      <object_component id="oc-7f">
         <name>.debug_info</name>
         <load_address>0x659f</load_address>
         <run_address>0x659f</run_address>
         <size>0x2c</size>
         <input_file_ref idref="fl-c5"/>
      </object_component>
      <object_component id="oc-7d">
         <name>.debug_info</name>
         <load_address>0x65cb</load_address>
         <run_address>0x65cb</run_address>
         <size>0x29e</size>
         <input_file_ref idref="fl-c6"/>
      </object_component>
      <object_component id="oc-18">
         <name>.debug_info</name>
         <load_address>0x6869</load_address>
         <run_address>0x6869</run_address>
         <size>0x250</size>
         <input_file_ref idref="fl-c6"/>
      </object_component>
      <object_component id="oc-2d">
         <name>.debug_info</name>
         <load_address>0x6ab9</load_address>
         <run_address>0x6ab9</run_address>
         <size>0x60</size>
         <input_file_ref idref="fl-c6"/>
      </object_component>
      <object_component id="oc-ba">
         <name>.debug_info</name>
         <load_address>0x6b19</load_address>
         <run_address>0x6b19</run_address>
         <size>0x46</size>
         <input_file_ref idref="fl-c6"/>
      </object_component>
      <object_component id="oc-78">
         <name>.debug_info</name>
         <load_address>0x6b5f</load_address>
         <run_address>0x6b5f</run_address>
         <size>0x39</size>
         <input_file_ref idref="fl-c6"/>
      </object_component>
      <object_component id="oc-2a">
         <name>.debug_info</name>
         <load_address>0x6b98</load_address>
         <run_address>0x6b98</run_address>
         <size>0x10b</size>
         <input_file_ref idref="fl-c7"/>
      </object_component>
      <object_component id="oc-58">
         <name>.debug_info</name>
         <load_address>0x6ca3</load_address>
         <run_address>0x6ca3</run_address>
         <size>0x1a9</size>
         <input_file_ref idref="fl-c7"/>
      </object_component>
      <object_component id="oc-3a">
         <name>.debug_info</name>
         <load_address>0x6e4c</load_address>
         <run_address>0x6e4c</run_address>
         <size>0x119</size>
         <input_file_ref idref="fl-c8"/>
      </object_component>
      <object_component id="oc-144">
         <name>.debug_info</name>
         <load_address>0x6f65</load_address>
         <run_address>0x6f65</run_address>
         <size>0x4b3</size>
         <input_file_ref idref="fl-ca"/>
      </object_component>
      <object_component id="oc-e8">
         <name>.debug_info</name>
         <load_address>0x7418</load_address>
         <run_address>0x7418</run_address>
         <size>0x1a6</size>
         <input_file_ref idref="fl-ca"/>
      </object_component>
      <object_component id="oc-169">
         <name>.debug_info</name>
         <load_address>0x75be</load_address>
         <run_address>0x75be</run_address>
         <size>0x39</size>
         <input_file_ref idref="fl-ca"/>
      </object_component>
      <object_component id="oc-17d">
         <name>.debug_info</name>
         <load_address>0x75f7</load_address>
         <run_address>0x75f7</run_address>
         <size>0x39</size>
         <input_file_ref idref="fl-ca"/>
      </object_component>
      <object_component id="oc-16e">
         <name>.debug_info</name>
         <load_address>0x7630</load_address>
         <run_address>0x7630</run_address>
         <size>0x39</size>
         <input_file_ref idref="fl-ca"/>
      </object_component>
      <object_component id="oc-173">
         <name>.debug_info</name>
         <load_address>0x7669</load_address>
         <run_address>0x7669</run_address>
         <size>0xcd</size>
         <input_file_ref idref="fl-ca"/>
      </object_component>
      <object_component id="oc-94">
         <name>.debug_info</name>
         <load_address>0x7736</load_address>
         <run_address>0x7736</run_address>
         <size>0x153</size>
         <input_file_ref idref="fl-cb"/>
      </object_component>
      <object_component id="oc-df">
         <name>.debug_info</name>
         <load_address>0x7889</load_address>
         <run_address>0x7889</run_address>
         <size>0x122</size>
         <input_file_ref idref="fl-cd"/>
      </object_component>
      <object_component id="oc-1bd">
         <name>.debug_info</name>
         <load_address>0x79ab</load_address>
         <run_address>0x79ab</run_address>
         <size>0xa7</size>
      </object_component>
      <object_component id="oc-129">
         <name>.debug_line</name>
         <load_address>0x0</load_address>
         <run_address>0x0</run_address>
         <size>0x20</size>
         <input_file_ref idref="fl-2"/>
      </object_component>
      <object_component id="oc-127">
         <name>.debug_line</name>
         <load_address>0x20</load_address>
         <run_address>0x20</run_address>
         <size>0x30</size>
         <input_file_ref idref="fl-2"/>
      </object_component>
      <object_component id="oc-9d">
         <name>.debug_line</name>
         <load_address>0x50</load_address>
         <run_address>0x50</run_address>
         <size>0xa5</size>
         <input_file_ref idref="fl-2"/>
      </object_component>
      <object_component id="oc-cb">
         <name>.debug_line</name>
         <load_address>0xf5</load_address>
         <run_address>0xf5</run_address>
         <size>0x58</size>
         <input_file_ref idref="fl-2"/>
      </object_component>
      <object_component id="oc-d4">
         <name>.debug_line</name>
         <load_address>0x14d</load_address>
         <run_address>0x14d</run_address>
         <size>0x5a</size>
         <input_file_ref idref="fl-2"/>
      </object_component>
      <object_component id="oc-124">
         <name>.debug_line</name>
         <load_address>0x1a7</load_address>
         <run_address>0x1a7</run_address>
         <size>0x30</size>
         <input_file_ref idref="fl-2"/>
      </object_component>
      <object_component id="oc-12d">
         <name>.debug_line</name>
         <load_address>0x1d7</load_address>
         <run_address>0x1d7</run_address>
         <size>0x83</size>
         <input_file_ref idref="fl-2"/>
      </object_component>
      <object_component id="oc-b8">
         <name>.debug_line</name>
         <load_address>0x25a</load_address>
         <run_address>0x25a</run_address>
         <size>0x6f</size>
         <input_file_ref idref="fl-2"/>
      </object_component>
      <object_component id="oc-132">
         <name>.debug_line</name>
         <load_address>0x2c9</load_address>
         <run_address>0x2c9</run_address>
         <size>0x80</size>
         <input_file_ref idref="fl-2"/>
      </object_component>
      <object_component id="oc-35">
         <name>.debug_line</name>
         <load_address>0x349</load_address>
         <run_address>0x349</run_address>
         <size>0x20</size>
         <input_file_ref idref="fl-2"/>
      </object_component>
      <object_component id="oc-11d">
         <name>.debug_line</name>
         <load_address>0x369</load_address>
         <run_address>0x369</run_address>
         <size>0x73</size>
         <input_file_ref idref="fl-2"/>
      </object_component>
      <object_component id="oc-137">
         <name>.debug_line</name>
         <load_address>0x3dc</load_address>
         <run_address>0x3dc</run_address>
         <size>0x70</size>
         <input_file_ref idref="fl-2"/>
      </object_component>
      <object_component id="oc-ac">
         <name>.debug_line</name>
         <load_address>0x44c</load_address>
         <run_address>0x44c</run_address>
         <size>0x66</size>
         <input_file_ref idref="fl-3"/>
      </object_component>
      <object_component id="oc-b4">
         <name>.debug_line</name>
         <load_address>0x4b2</load_address>
         <run_address>0x4b2</run_address>
         <size>0x44</size>
         <input_file_ref idref="fl-4"/>
      </object_component>
      <object_component id="oc-74">
         <name>.debug_line</name>
         <load_address>0x4f6</load_address>
         <run_address>0x4f6</run_address>
         <size>0x44</size>
         <input_file_ref idref="fl-4"/>
      </object_component>
      <object_component id="oc-69">
         <name>.debug_line</name>
         <load_address>0x53a</load_address>
         <run_address>0x53a</run_address>
         <size>0x5d</size>
         <input_file_ref idref="fl-4"/>
      </object_component>
      <object_component id="oc-71">
         <name>.debug_line</name>
         <load_address>0x597</load_address>
         <run_address>0x597</run_address>
         <size>0x59</size>
         <input_file_ref idref="fl-4"/>
      </object_component>
      <object_component id="oc-85">
         <name>.debug_line</name>
         <load_address>0x5f0</load_address>
         <run_address>0x5f0</run_address>
         <size>0x20</size>
         <input_file_ref idref="fl-c5"/>
      </object_component>
      <object_component id="oc-22">
         <name>.debug_line</name>
         <load_address>0x610</load_address>
         <run_address>0x610</run_address>
         <size>0x55</size>
         <input_file_ref idref="fl-c5"/>
      </object_component>
      <object_component id="oc-40">
         <name>.debug_line</name>
         <load_address>0x665</load_address>
         <run_address>0x665</run_address>
         <size>0x3a</size>
         <input_file_ref idref="fl-c5"/>
      </object_component>
      <object_component id="oc-82">
         <name>.debug_line</name>
         <load_address>0x69f</load_address>
         <run_address>0x69f</run_address>
         <size>0x92</size>
         <input_file_ref idref="fl-c5"/>
      </object_component>
      <object_component id="oc-c0">
         <name>.debug_line</name>
         <load_address>0x731</load_address>
         <run_address>0x731</run_address>
         <size>0x20</size>
         <input_file_ref idref="fl-c6"/>
      </object_component>
      <object_component id="oc-1b">
         <name>.debug_line</name>
         <load_address>0x751</load_address>
         <run_address>0x751</run_address>
         <size>0xa9</size>
         <input_file_ref idref="fl-c6"/>
      </object_component>
      <object_component id="oc-30">
         <name>.debug_line</name>
         <load_address>0x7fa</load_address>
         <run_address>0x7fa</run_address>
         <size>0x3a</size>
         <input_file_ref idref="fl-c6"/>
      </object_component>
      <object_component id="oc-bd">
         <name>.debug_line</name>
         <load_address>0x834</load_address>
         <run_address>0x834</run_address>
         <size>0x9a</size>
         <input_file_ref idref="fl-c6"/>
      </object_component>
      <object_component id="oc-7b">
         <name>.debug_line</name>
         <load_address>0x8ce</load_address>
         <run_address>0x8ce</run_address>
         <size>0x96</size>
         <input_file_ref idref="fl-c6"/>
      </object_component>
      <object_component id="oc-77">
         <name>.debug_line</name>
         <load_address>0x964</load_address>
         <run_address>0x964</run_address>
         <size>0x33</size>
         <input_file_ref idref="fl-c7"/>
      </object_component>
      <object_component id="oc-56">
         <name>.debug_line</name>
         <load_address>0x997</load_address>
         <run_address>0x997</run_address>
         <size>0x45</size>
         <input_file_ref idref="fl-c7"/>
      </object_component>
      <object_component id="oc-39">
         <name>.debug_line</name>
         <load_address>0x9dc</load_address>
         <run_address>0x9dc</run_address>
         <size>0x88</size>
         <input_file_ref idref="fl-c8"/>
      </object_component>
      <object_component id="oc-168">
         <name>.debug_line</name>
         <load_address>0xa64</load_address>
         <run_address>0xa64</run_address>
         <size>0xbf</size>
         <input_file_ref idref="fl-ca"/>
      </object_component>
      <object_component id="oc-eb">
         <name>.debug_line</name>
         <load_address>0xb23</load_address>
         <run_address>0xb23</run_address>
         <size>0x6f</size>
         <input_file_ref idref="fl-ca"/>
      </object_component>
      <object_component id="oc-16c">
         <name>.debug_line</name>
         <load_address>0xb92</load_address>
         <run_address>0xb92</run_address>
         <size>0x2e</size>
         <input_file_ref idref="fl-ca"/>
      </object_component>
      <object_component id="oc-180">
         <name>.debug_line</name>
         <load_address>0xbc0</load_address>
         <run_address>0xbc0</run_address>
         <size>0x9a</size>
         <input_file_ref idref="fl-ca"/>
      </object_component>
      <object_component id="oc-171">
         <name>.debug_line</name>
         <load_address>0xc5a</load_address>
         <run_address>0xc5a</run_address>
         <size>0x97</size>
         <input_file_ref idref="fl-ca"/>
      </object_component>
      <object_component id="oc-176">
         <name>.debug_line</name>
         <load_address>0xcf1</load_address>
         <run_address>0xcf1</run_address>
         <size>0x93</size>
         <input_file_ref idref="fl-ca"/>
      </object_component>
      <object_component id="oc-98">
         <name>.debug_line</name>
         <load_address>0xd84</load_address>
         <run_address>0xd84</run_address>
         <size>0x40</size>
         <input_file_ref idref="fl-cb"/>
      </object_component>
      <object_component id="oc-dd">
         <name>.debug_line</name>
         <load_address>0xdc4</load_address>
         <run_address>0xdc4</run_address>
         <size>0x3c</size>
         <input_file_ref idref="fl-cd"/>
      </object_component>
      <object_component id="oc-9e">
         <name>.debug_frame</name>
         <load_address>0x0</load_address>
         <run_address>0x0</run_address>
         <size>0x5c</size>
         <input_file_ref idref="fl-2"/>
      </object_component>
      <object_component id="oc-cf">
         <name>.debug_frame</name>
         <load_address>0x5c</load_address>
         <run_address>0x5c</run_address>
         <size>0x58</size>
         <input_file_ref idref="fl-2"/>
      </object_component>
      <object_component id="oc-d5">
         <name>.debug_frame</name>
         <load_address>0xb4</load_address>
         <run_address>0xb4</run_address>
         <size>0x58</size>
         <input_file_ref idref="fl-2"/>
      </object_component>
      <object_component id="oc-b0">
         <name>.debug_frame</name>
         <load_address>0x10c</load_address>
         <run_address>0x10c</run_address>
         <size>0x54</size>
         <input_file_ref idref="fl-3"/>
      </object_component>
      <object_component id="oc-6c">
         <name>.debug_frame</name>
         <load_address>0x160</load_address>
         <run_address>0x160</run_address>
         <size>0x58</size>
         <input_file_ref idref="fl-4"/>
      </object_component>
      <object_component id="oc-72">
         <name>.debug_frame</name>
         <load_address>0x1b8</load_address>
         <run_address>0x1b8</run_address>
         <size>0x54</size>
         <input_file_ref idref="fl-4"/>
      </object_component>
      <object_component id="oc-21">
         <name>.debug_frame</name>
         <load_address>0x20c</load_address>
         <run_address>0x20c</run_address>
         <size>0x54</size>
         <input_file_ref idref="fl-c5"/>
      </object_component>
      <object_component id="oc-1c">
         <name>.debug_frame</name>
         <load_address>0x260</load_address>
         <run_address>0x260</run_address>
         <size>0x60</size>
         <input_file_ref idref="fl-c6"/>
      </object_component>
      <object_component id="oc-57">
         <name>.debug_frame</name>
         <load_address>0x2c0</load_address>
         <run_address>0x2c0</run_address>
         <size>0x50</size>
         <input_file_ref idref="fl-c7"/>
      </object_component>
      <object_component id="oc-ec">
         <name>.debug_frame</name>
         <load_address>0x310</load_address>
         <run_address>0x310</run_address>
         <size>0x5c</size>
         <input_file_ref idref="fl-ca"/>
      </object_component>
      <object_component id="oc-97">
         <name>.debug_frame</name>
         <load_address>0x36c</load_address>
         <run_address>0x36c</run_address>
         <size>0x54</size>
         <input_file_ref idref="fl-cb"/>
      </object_component>
      <object_component id="oc-de">
         <name>.debug_frame</name>
         <load_address>0x3c0</load_address>
         <run_address>0x3c0</run_address>
         <size>0x54</size>
         <input_file_ref idref="fl-cd"/>
      </object_component>
      <object_component id="oc-128">
         <name>.debug_abbrev</name>
         <load_address>0x0</load_address>
         <run_address>0x0</run_address>
         <size>0x71</size>
         <input_file_ref idref="fl-2"/>
      </object_component>
      <object_component id="oc-126">
         <name>.debug_abbrev</name>
         <load_address>0x71</load_address>
         <run_address>0x71</run_address>
         <size>0x29</size>
         <input_file_ref idref="fl-2"/>
      </object_component>
      <object_component id="oc-d9">
         <name>.debug_abbrev</name>
         <load_address>0x9a</load_address>
         <run_address>0x9a</run_address>
         <size>0x62</size>
         <input_file_ref idref="fl-2"/>
      </object_component>
      <object_component id="oc-11f">
         <name>.debug_abbrev</name>
         <load_address>0xfc</load_address>
         <run_address>0xfc</run_address>
         <size>0x50</size>
         <input_file_ref idref="fl-2"/>
      </object_component>
      <object_component id="oc-120">
         <name>.debug_abbrev</name>
         <load_address>0x14c</load_address>
         <run_address>0x14c</run_address>
         <size>0x6c</size>
         <input_file_ref idref="fl-2"/>
      </object_component>
      <object_component id="oc-123">
         <name>.debug_abbrev</name>
         <load_address>0x1b8</load_address>
         <run_address>0x1b8</run_address>
         <size>0x42</size>
         <input_file_ref idref="fl-2"/>
      </object_component>
      <object_component id="oc-12c">
         <name>.debug_abbrev</name>
         <load_address>0x1fa</load_address>
         <run_address>0x1fa</run_address>
         <size>0xbd</size>
         <input_file_ref idref="fl-2"/>
      </object_component>
      <object_component id="oc-b7">
         <name>.debug_abbrev</name>
         <load_address>0x2b7</load_address>
         <run_address>0x2b7</run_address>
         <size>0x69</size>
         <input_file_ref idref="fl-2"/>
      </object_component>
      <object_component id="oc-131">
         <name>.debug_abbrev</name>
         <load_address>0x320</load_address>
         <run_address>0x320</run_address>
         <size>0x97</size>
         <input_file_ref idref="fl-2"/>
      </object_component>
      <object_component id="oc-34">
         <name>.debug_abbrev</name>
         <load_address>0x3b7</load_address>
         <run_address>0x3b7</run_address>
         <size>0x1f</size>
         <input_file_ref idref="fl-2"/>
      </object_component>
      <object_component id="oc-11c">
         <name>.debug_abbrev</name>
         <load_address>0x3d6</load_address>
         <run_address>0x3d6</run_address>
         <size>0x5c</size>
         <input_file_ref idref="fl-2"/>
      </object_component>
      <object_component id="oc-136">
         <name>.debug_abbrev</name>
         <load_address>0x432</load_address>
         <run_address>0x432</run_address>
         <size>0x24</size>
         <input_file_ref idref="fl-2"/>
      </object_component>
      <object_component id="oc-119">
         <name>.debug_abbrev</name>
         <load_address>0x456</load_address>
         <run_address>0x456</run_address>
         <size>0x50</size>
         <input_file_ref idref="fl-3"/>
      </object_component>
      <object_component id="oc-b3">
         <name>.debug_abbrev</name>
         <load_address>0x4a6</load_address>
         <run_address>0x4a6</run_address>
         <size>0x7c</size>
         <input_file_ref idref="fl-4"/>
      </object_component>
      <object_component id="oc-73">
         <name>.debug_abbrev</name>
         <load_address>0x522</load_address>
         <run_address>0x522</run_address>
         <size>0x29</size>
         <input_file_ref idref="fl-4"/>
      </object_component>
      <object_component id="oc-b1">
         <name>.debug_abbrev</name>
         <load_address>0x54b</load_address>
         <run_address>0x54b</run_address>
         <size>0x5e</size>
         <input_file_ref idref="fl-4"/>
      </object_component>
      <object_component id="oc-b2">
         <name>.debug_abbrev</name>
         <load_address>0x5a9</load_address>
         <run_address>0x5a9</run_address>
         <size>0x42</size>
         <input_file_ref idref="fl-4"/>
      </object_component>
      <object_component id="oc-84">
         <name>.debug_abbrev</name>
         <load_address>0x5eb</load_address>
         <run_address>0x5eb</run_address>
         <size>0x37</size>
         <input_file_ref idref="fl-c5"/>
      </object_component>
      <object_component id="oc-3c">
         <name>.debug_abbrev</name>
         <load_address>0x622</load_address>
         <run_address>0x622</run_address>
         <size>0x74</size>
         <input_file_ref idref="fl-c5"/>
      </object_component>
      <object_component id="oc-3f">
         <name>.debug_abbrev</name>
         <load_address>0x696</load_address>
         <run_address>0x696</run_address>
         <size>0x24</size>
         <input_file_ref idref="fl-c5"/>
      </object_component>
      <object_component id="oc-81">
         <name>.debug_abbrev</name>
         <load_address>0x6ba</load_address>
         <run_address>0x6ba</run_address>
         <size>0x24</size>
         <input_file_ref idref="fl-c5"/>
      </object_component>
      <object_component id="oc-bf">
         <name>.debug_abbrev</name>
         <load_address>0x6de</load_address>
         <run_address>0x6de</run_address>
         <size>0x37</size>
         <input_file_ref idref="fl-c6"/>
      </object_component>
      <object_component id="oc-2c">
         <name>.debug_abbrev</name>
         <load_address>0x715</load_address>
         <run_address>0x715</run_address>
         <size>0x6f</size>
         <input_file_ref idref="fl-c6"/>
      </object_component>
      <object_component id="oc-2f">
         <name>.debug_abbrev</name>
         <load_address>0x784</load_address>
         <run_address>0x784</run_address>
         <size>0x24</size>
         <input_file_ref idref="fl-c6"/>
      </object_component>
      <object_component id="oc-bc">
         <name>.debug_abbrev</name>
         <load_address>0x7a8</load_address>
         <run_address>0x7a8</run_address>
         <size>0x35</size>
         <input_file_ref idref="fl-c6"/>
      </object_component>
      <object_component id="oc-7a">
         <name>.debug_abbrev</name>
         <load_address>0x7dd</load_address>
         <run_address>0x7dd</run_address>
         <size>0x24</size>
         <input_file_ref idref="fl-c6"/>
      </object_component>
      <object_component id="oc-76">
         <name>.debug_abbrev</name>
         <load_address>0x801</load_address>
         <run_address>0x801</run_address>
         <size>0x29</size>
         <input_file_ref idref="fl-c7"/>
      </object_component>
      <object_component id="oc-a2">
         <name>.debug_abbrev</name>
         <load_address>0x82a</load_address>
         <run_address>0x82a</run_address>
         <size>0x55</size>
         <input_file_ref idref="fl-c7"/>
      </object_component>
      <object_component id="oc-7e">
         <name>.debug_abbrev</name>
         <load_address>0x87f</load_address>
         <run_address>0x87f</run_address>
         <size>0x3e</size>
         <input_file_ref idref="fl-c8"/>
      </object_component>
      <object_component id="oc-167">
         <name>.debug_abbrev</name>
         <load_address>0x8bd</load_address>
         <run_address>0x8bd</run_address>
         <size>0xc0</size>
         <input_file_ref idref="fl-ca"/>
      </object_component>
      <object_component id="oc-143">
         <name>.debug_abbrev</name>
         <load_address>0x97d</load_address>
         <run_address>0x97d</run_address>
         <size>0x7e</size>
         <input_file_ref idref="fl-ca"/>
      </object_component>
      <object_component id="oc-16b">
         <name>.debug_abbrev</name>
         <load_address>0x9fb</load_address>
         <run_address>0x9fb</run_address>
         <size>0x24</size>
         <input_file_ref idref="fl-ca"/>
      </object_component>
      <object_component id="oc-17f">
         <name>.debug_abbrev</name>
         <load_address>0xa1f</load_address>
         <run_address>0xa1f</run_address>
         <size>0x24</size>
         <input_file_ref idref="fl-ca"/>
      </object_component>
      <object_component id="oc-170">
         <name>.debug_abbrev</name>
         <load_address>0xa43</load_address>
         <run_address>0xa43</run_address>
         <size>0x24</size>
         <input_file_ref idref="fl-ca"/>
      </object_component>
      <object_component id="oc-175">
         <name>.debug_abbrev</name>
         <load_address>0xa67</load_address>
         <run_address>0xa67</run_address>
         <size>0x4b</size>
         <input_file_ref idref="fl-ca"/>
      </object_component>
      <object_component id="oc-c9">
         <name>.debug_abbrev</name>
         <load_address>0xab2</load_address>
         <run_address>0xab2</run_address>
         <size>0x55</size>
         <input_file_ref idref="fl-cb"/>
      </object_component>
      <object_component id="oc-139">
         <name>.debug_abbrev</name>
         <load_address>0xb07</load_address>
         <run_address>0xb07</run_address>
         <size>0x45</size>
         <input_file_ref idref="fl-cd"/>
      </object_component>
      <object_component id="oc-1be">
         <name>.debug_abbrev</name>
         <load_address>0xb4c</load_address>
         <run_address>0xb4c</run_address>
         <size>0xf</size>
      </object_component>
      <object_component id="oc-125">
         <name>.debug_str</name>
         <load_address>0x0</load_address>
         <run_address>0x0</run_address>
         <size>0xe8</size>
         <input_file_ref idref="fl-2"/>
      </object_component>
      <object_component id="oc-12e">
         <name>.debug_str</name>
         <load_address>0xe8</load_address>
         <run_address>0xe8</run_address>
         <size>0x15fc</size>
         <input_file_ref idref="fl-2"/>
      </object_component>
      <object_component id="oc-b9">
         <name>.debug_str</name>
         <load_address>0x16e4</load_address>
         <run_address>0x16e4</run_address>
         <size>0x2b8</size>
         <input_file_ref idref="fl-2"/>
      </object_component>
      <object_component id="oc-133">
         <name>.debug_str</name>
         <load_address>0x199c</load_address>
         <run_address>0x199c</run_address>
         <size>0x4a2</size>
         <input_file_ref idref="fl-2"/>
      </object_component>
      <object_component id="oc-36">
         <name>.debug_str</name>
         <load_address>0x1e3e</load_address>
         <run_address>0x1e3e</run_address>
         <size>0xfd</size>
         <input_file_ref idref="fl-2"/>
      </object_component>
      <object_component id="oc-11e">
         <name>.debug_str</name>
         <load_address>0x1f3b</load_address>
         <run_address>0x1f3b</run_address>
         <size>0x34e</size>
         <input_file_ref idref="fl-2"/>
      </object_component>
      <object_component id="oc-138">
         <name>.debug_str</name>
         <load_address>0x2289</load_address>
         <run_address>0x2289</run_address>
         <size>0x150</size>
         <input_file_ref idref="fl-2"/>
      </object_component>
      <object_component id="oc-41">
         <name>.debug_str</name>
         <load_address>0x23d9</load_address>
         <run_address>0x23d9</run_address>
         <size>0x10b</size>
         <input_file_ref idref="fl-c5"/>
      </object_component>
      <object_component id="oc-83">
         <name>.debug_str</name>
         <load_address>0x24e4</load_address>
         <run_address>0x24e4</run_address>
         <size>0x140</size>
         <input_file_ref idref="fl-c5"/>
      </object_component>
      <object_component id="oc-31">
         <name>.debug_str</name>
         <load_address>0x2624</load_address>
         <run_address>0x2624</run_address>
         <size>0x118</size>
         <input_file_ref idref="fl-c6"/>
      </object_component>
      <object_component id="oc-be">
         <name>.debug_str</name>
         <load_address>0x273c</load_address>
         <run_address>0x273c</run_address>
         <size>0x16b</size>
         <input_file_ref idref="fl-c6"/>
      </object_component>
      <object_component id="oc-7c">
         <name>.debug_str</name>
         <load_address>0x28a7</load_address>
         <run_address>0x28a7</run_address>
         <size>0x158</size>
         <input_file_ref idref="fl-c6"/>
      </object_component>
      <object_component id="oc-16d">
         <name>.debug_str</name>
         <load_address>0x29ff</load_address>
         <run_address>0x29ff</run_address>
         <size>0xed</size>
         <input_file_ref idref="fl-ca"/>
      </object_component>
      <object_component id="oc-181">
         <name>.debug_str</name>
         <load_address>0x2aec</load_address>
         <run_address>0x2aec</run_address>
         <size>0x157</size>
         <input_file_ref idref="fl-ca"/>
      </object_component>
      <object_component id="oc-172">
         <name>.debug_str</name>
         <load_address>0x2c43</load_address>
         <run_address>0x2c43</run_address>
         <size>0x150</size>
         <input_file_ref idref="fl-ca"/>
      </object_component>
      <object_component id="oc-177">
         <name>.debug_str</name>
         <load_address>0x2d93</load_address>
         <run_address>0x2d93</run_address>
         <size>0x197</size>
         <input_file_ref idref="fl-ca"/>
      </object_component>
      <object_component id="oc-9b">
         <name>.debug_aranges</name>
         <load_address>0x0</load_address>
         <run_address>0x0</run_address>
         <size>0x20</size>
         <input_file_ref idref="fl-2"/>
      </object_component>
      <object_component id="oc-ce">
         <name>.debug_aranges</name>
         <load_address>0x20</load_address>
         <run_address>0x20</run_address>
         <size>0x20</size>
         <input_file_ref idref="fl-2"/>
      </object_component>
      <object_component id="oc-d3">
         <name>.debug_aranges</name>
         <load_address>0x40</load_address>
         <run_address>0x40</run_address>
         <size>0x20</size>
         <input_file_ref idref="fl-2"/>
      </object_component>
      <object_component id="oc-af">
         <name>.debug_aranges</name>
         <load_address>0x60</load_address>
         <run_address>0x60</run_address>
         <size>0x20</size>
         <input_file_ref idref="fl-3"/>
      </object_component>
      <object_component id="oc-68">
         <name>.debug_aranges</name>
         <load_address>0x80</load_address>
         <run_address>0x80</run_address>
         <size>0x20</size>
         <input_file_ref idref="fl-4"/>
      </object_component>
      <object_component id="oc-6f">
         <name>.debug_aranges</name>
         <load_address>0xa0</load_address>
         <run_address>0xa0</run_address>
         <size>0x20</size>
         <input_file_ref idref="fl-4"/>
      </object_component>
      <object_component id="oc-20">
         <name>.debug_aranges</name>
         <load_address>0xc0</load_address>
         <run_address>0xc0</run_address>
         <size>0x20</size>
         <input_file_ref idref="fl-c5"/>
      </object_component>
      <object_component id="oc-19">
         <name>.debug_aranges</name>
         <load_address>0xe0</load_address>
         <run_address>0xe0</run_address>
         <size>0x20</size>
         <input_file_ref idref="fl-c6"/>
      </object_component>
      <object_component id="oc-5a">
         <name>.debug_aranges</name>
         <load_address>0x100</load_address>
         <run_address>0x100</run_address>
         <size>0x20</size>
         <input_file_ref idref="fl-c7"/>
      </object_component>
      <object_component id="oc-38">
         <name>.debug_aranges</name>
         <load_address>0x120</load_address>
         <run_address>0x120</run_address>
         <size>0x20</size>
         <input_file_ref idref="fl-c8"/>
      </object_component>
      <object_component id="oc-ea">
         <name>.debug_aranges</name>
         <load_address>0x140</load_address>
         <run_address>0x140</run_address>
         <size>0x20</size>
         <input_file_ref idref="fl-ca"/>
      </object_component>
      <object_component id="oc-95">
         <name>.debug_aranges</name>
         <load_address>0x160</load_address>
         <run_address>0x160</run_address>
         <size>0x20</size>
         <input_file_ref idref="fl-cb"/>
      </object_component>
      <object_component id="oc-dc">
         <name>.debug_aranges</name>
         <load_address>0x180</load_address>
         <run_address>0x180</run_address>
         <size>0x20</size>
         <input_file_ref idref="fl-cd"/>
      </object_component>
      <object_component id="oc-d8">
         <name>.debug_pubnames</name>
         <load_address>0x0</load_address>
         <run_address>0x0</run_address>
         <size>0x28</size>
         <input_file_ref idref="fl-2"/>
      </object_component>
      <object_component id="oc-9c">
         <name>.debug_pubnames</name>
         <load_address>0x28</load_address>
         <run_address>0x28</run_address>
         <size>0x1b</size>
         <input_file_ref idref="fl-2"/>
      </object_component>
      <object_component id="oc-cd">
         <name>.debug_pubnames</name>
         <load_address>0x43</load_address>
         <run_address>0x43</run_address>
         <size>0x1c</size>
         <input_file_ref idref="fl-2"/>
      </object_component>
      <object_component id="oc-d2">
         <name>.debug_pubnames</name>
         <load_address>0x5f</load_address>
         <run_address>0x5f</run_address>
         <size>0x1d</size>
         <input_file_ref idref="fl-2"/>
      </object_component>
      <object_component id="oc-ae">
         <name>.debug_pubnames</name>
         <load_address>0x7c</load_address>
         <run_address>0x7c</run_address>
         <size>0x21</size>
         <input_file_ref idref="fl-3"/>
      </object_component>
      <object_component id="oc-28">
         <name>.debug_pubnames</name>
         <load_address>0x9d</load_address>
         <run_address>0x9d</run_address>
         <size>0x27</size>
         <input_file_ref idref="fl-4"/>
      </object_component>
      <object_component id="oc-6b">
         <name>.debug_pubnames</name>
         <load_address>0xc4</load_address>
         <run_address>0xc4</run_address>
         <size>0x24</size>
         <input_file_ref idref="fl-4"/>
      </object_component>
      <object_component id="oc-70">
         <name>.debug_pubnames</name>
         <load_address>0xe8</load_address>
         <run_address>0xe8</run_address>
         <size>0x26</size>
         <input_file_ref idref="fl-4"/>
      </object_component>
      <object_component id="oc-1f">
         <name>.debug_pubnames</name>
         <load_address>0x10e</load_address>
         <run_address>0x10e</run_address>
         <size>0x2b</size>
         <input_file_ref idref="fl-c5"/>
      </object_component>
      <object_component id="oc-1a">
         <name>.debug_pubnames</name>
         <load_address>0x139</load_address>
         <run_address>0x139</run_address>
         <size>0x2b</size>
         <input_file_ref idref="fl-c6"/>
      </object_component>
      <object_component id="oc-2b">
         <name>.debug_pubnames</name>
         <load_address>0x164</load_address>
         <run_address>0x164</run_address>
         <size>0x1e</size>
         <input_file_ref idref="fl-c7"/>
      </object_component>
      <object_component id="oc-59">
         <name>.debug_pubnames</name>
         <load_address>0x182</load_address>
         <run_address>0x182</run_address>
         <size>0x26</size>
         <input_file_ref idref="fl-c7"/>
      </object_component>
      <object_component id="oc-3b">
         <name>.debug_pubnames</name>
         <load_address>0x1a8</load_address>
         <run_address>0x1a8</run_address>
         <size>0x1d</size>
         <input_file_ref idref="fl-c8"/>
      </object_component>
      <object_component id="oc-e9">
         <name>.debug_pubnames</name>
         <load_address>0x1c5</load_address>
         <run_address>0x1c5</run_address>
         <size>0x35</size>
         <input_file_ref idref="fl-ca"/>
      </object_component>
      <object_component id="oc-96">
         <name>.debug_pubnames</name>
         <load_address>0x1fa</load_address>
         <run_address>0x1fa</run_address>
         <size>0x27</size>
         <input_file_ref idref="fl-cb"/>
      </object_component>
      <object_component id="oc-e0">
         <name>.debug_pubnames</name>
         <load_address>0x221</load_address>
         <run_address>0x221</run_address>
         <size>0x1c</size>
         <input_file_ref idref="fl-cd"/>
      </object_component>
      <object_component id="oc-122">
         <name>.debug_pubtypes</name>
         <load_address>0x0</load_address>
         <run_address>0x0</run_address>
         <size>0x25</size>
         <input_file_ref idref="fl-2"/>
      </object_component>
      <object_component id="oc-12b">
         <name>.debug_pubtypes</name>
         <load_address>0x25</load_address>
         <run_address>0x25</run_address>
         <size>0x2ce</size>
         <input_file_ref idref="fl-2"/>
      </object_component>
      <object_component id="oc-b6">
         <name>.debug_pubtypes</name>
         <load_address>0x2f3</load_address>
         <run_address>0x2f3</run_address>
         <size>0x25c</size>
         <input_file_ref idref="fl-2"/>
      </object_component>
      <object_component id="oc-130">
         <name>.debug_pubtypes</name>
         <load_address>0x54f</load_address>
         <run_address>0x54f</run_address>
         <size>0xdd</size>
         <input_file_ref idref="fl-2"/>
      </object_component>
      <object_component id="oc-33">
         <name>.debug_pubtypes</name>
         <load_address>0x62c</load_address>
         <run_address>0x62c</run_address>
         <size>0xed</size>
         <input_file_ref idref="fl-2"/>
      </object_component>
      <object_component id="oc-11b">
         <name>.debug_pubtypes</name>
         <load_address>0x719</load_address>
         <run_address>0x719</run_address>
         <size>0x330</size>
         <input_file_ref idref="fl-2"/>
      </object_component>
      <object_component id="oc-135">
         <name>.debug_pubtypes</name>
         <load_address>0xa49</load_address>
         <run_address>0xa49</run_address>
         <size>0xaa</size>
         <input_file_ref idref="fl-2"/>
      </object_component>
      <object_component id="oc-3e">
         <name>.debug_pubtypes</name>
         <load_address>0xaf3</load_address>
         <run_address>0xaf3</run_address>
         <size>0x48</size>
         <input_file_ref idref="fl-c5"/>
      </object_component>
      <object_component id="oc-80">
         <name>.debug_pubtypes</name>
         <load_address>0xb3b</load_address>
         <run_address>0xb3b</run_address>
         <size>0x1d</size>
         <input_file_ref idref="fl-c5"/>
      </object_component>
      <object_component id="oc-2e">
         <name>.debug_pubtypes</name>
         <load_address>0xb58</load_address>
         <run_address>0xb58</run_address>
         <size>0x5d</size>
         <input_file_ref idref="fl-c6"/>
      </object_component>
      <object_component id="oc-bb">
         <name>.debug_pubtypes</name>
         <load_address>0xbb5</load_address>
         <run_address>0xbb5</run_address>
         <size>0x48</size>
         <input_file_ref idref="fl-c6"/>
      </object_component>
      <object_component id="oc-79">
         <name>.debug_pubtypes</name>
         <load_address>0xbfd</load_address>
         <run_address>0xbfd</run_address>
         <size>0x35</size>
         <input_file_ref idref="fl-c6"/>
      </object_component>
      <object_component id="oc-16a">
         <name>.debug_pubtypes</name>
         <load_address>0xc32</load_address>
         <run_address>0xc32</run_address>
         <size>0x32</size>
         <input_file_ref idref="fl-ca"/>
      </object_component>
      <object_component id="oc-17e">
         <name>.debug_pubtypes</name>
         <load_address>0xc64</load_address>
         <run_address>0xc64</run_address>
         <size>0x30</size>
         <input_file_ref idref="fl-ca"/>
      </object_component>
      <object_component id="oc-16f">
         <name>.debug_pubtypes</name>
         <load_address>0xc94</load_address>
         <run_address>0xc94</run_address>
         <size>0x2c</size>
         <input_file_ref idref="fl-ca"/>
      </object_component>
      <object_component id="oc-174">
         <name>.debug_pubtypes</name>
         <load_address>0xcc0</load_address>
         <run_address>0xcc0</run_address>
         <size>0x50</size>
         <input_file_ref idref="fl-ca"/>
      </object_component>
   </object_component_list>
   <logical_group_list>
      <logical_group id="lg-3" display="no" color="cyan">
         <name>.intvecs</name>
         <load_address>0x0</load_address>
         <run_address>0x0</run_address>
         <size>0xe4</size>
         <contents>
            <object_component_ref idref="oc-26"/>
         </contents>
      </logical_group>
      <logical_group id="lg-4" display="no" color="cyan">
         <name>.text</name>
         <load_address>0xe4</load_address>
         <run_address>0xe4</run_address>
         <size>0x494</size>
         <contents>
            <object_component_ref idref="oc-99"/>
            <object_component_ref idref="oc-ca"/>
            <object_component_ref idref="oc-37"/>
            <object_component_ref idref="oc-d0"/>
            <object_component_ref idref="oc-ab"/>
            <object_component_ref idref="oc-17"/>
            <object_component_ref idref="oc-e7"/>
            <object_component_ref idref="oc-55"/>
            <object_component_ref idref="oc-1d"/>
            <object_component_ref idref="oc-67"/>
            <object_component_ref idref="oc-93"/>
            <object_component_ref idref="oc-db"/>
            <object_component_ref idref="oc-6d"/>
         </contents>
      </logical_group>
      <logical_group id="lg-5" display="no" color="cyan">
         <name>.const</name>
         <run_address>0x0</run_address>
         <size>0x0</size>
         <contents>
         </contents>
      </logical_group>
      <logical_group id="lg-6" display="no" color="cyan">
         <name>.cinit</name>
         <load_address>0x578</load_address>
         <run_address>0x578</run_address>
         <size>0x18</size>
         <contents>
            <object_component_ref idref="oc-1b8"/>
            <object_component_ref idref="oc-1ba"/>
            <object_component_ref idref="oc-1b9"/>
         </contents>
      </logical_group>
      <logical_group id="lg-7" display="no" color="cyan">
         <name>.pinit</name>
         <run_address>0x0</run_address>
         <size>0x0</size>
         <contents>
         </contents>
      </logical_group>
      <logical_group id="lg-8" display="no" color="cyan">
         <name>.init_array</name>
         <run_address>0x0</run_address>
         <size>0x0</size>
         <contents>
         </contents>
      </logical_group>
      <logical_group id="lg-9" display="no" color="cyan">
         <name>.binit</name>
         <load_address>0x0</load_address>
         <run_address>0x0</run_address>
         <size>0x0</size>
         <contents>
            <object_component_ref idref="oc-18c"/>
         </contents>
      </logical_group>
      <logical_group id="lg-a" display="no" color="cyan">
         <name>.flashMailbox</name>
         <run_address>0x0</run_address>
         <size>0x0</size>
         <contents>
         </contents>
      </logical_group>
      <logical_group id="lg-b" display="no" color="cyan">
         <name>.tlvTable</name>
         <run_address>0x0</run_address>
         <size>0x0</size>
         <contents>
         </contents>
      </logical_group>
      <logical_group id="lg-c" display="no" color="cyan">
         <name>.bslArea</name>
         <run_address>0x0</run_address>
         <size>0x0</size>
         <contents>
         </contents>
      </logical_group>
      <logical_group id="lg-d" display="no" color="cyan">
         <name>.vtable</name>
         <run_address>0x0</run_address>
         <size>0x0</size>
         <contents>
         </contents>
      </logical_group>
      <logical_group id="lg-e" display="no" color="cyan">
         <name>.data</name>
         <run_address>0x20000000</run_address>
         <size>0x2</size>
         <contents>
            <object_component_ref idref="oc-d6"/>
         </contents>
      </logical_group>
      <logical_group id="lg-f" display="no" color="cyan">
         <name>.bss</name>
         <run_address>0x0</run_address>
         <size>0x0</size>
         <contents>
         </contents>
      </logical_group>
      <logical_group id="lg-10" display="no" color="cyan">
         <name>.sysmem</name>
         <run_address>0x0</run_address>
         <size>0x0</size>
         <contents>
         </contents>
      </logical_group>
      <logical_group id="lg-11" display="no" color="cyan">
         <name>.stack</name>
         <run_address>0x2000fe00</run_address>
         <size>0x200</size>
         <contents>
            <object_component_ref idref="oc-29"/>
            <object_component_ref idref="oc-1bc"/>
         </contents>
      </logical_group>
      <logical_group id="lg-12" display="no" color="cyan">
         <name>.TI.ramfunc</name>
         <run_address>0x0</run_address>
         <size>0x0</size>
         <contents>
         </contents>
      </logical_group>
      <logical_group id="lg-189" display="no" color="cyan">
         <name>.TI.noinit</name>
         <run_address>0x0</run_address>
         <size>0x0</size>
         <contents>
         </contents>
      </logical_group>
      <logical_group id="lg-18a" display="no" color="cyan">
         <name>.TI.persistent</name>
         <run_address>0x0</run_address>
         <size>0x0</size>
         <contents>
         </contents>
      </logical_group>
      <logical_group id="lg-18b" display="no" color="cyan">
         <name>__llvm_prf_cnts</name>
         <run_address>0x20000000</run_address>
         <size>0x0</size>
         <contents>
         </contents>
      </logical_group>
      <logical_group id="lg-1a0" display="never" color="cyan">
         <name>.debug_info</name>
         <load_address>0x0</load_address>
         <run_address>0x0</run_address>
         <size>0x7a52</size>
         <contents>
            <object_component_ref idref="oc-da"/>
            <object_component_ref idref="oc-d7"/>
            <object_component_ref idref="oc-9a"/>
            <object_component_ref idref="oc-cc"/>
            <object_component_ref idref="oc-d1"/>
            <object_component_ref idref="oc-121"/>
            <object_component_ref idref="oc-12a"/>
            <object_component_ref idref="oc-b5"/>
            <object_component_ref idref="oc-12f"/>
            <object_component_ref idref="oc-32"/>
            <object_component_ref idref="oc-11a"/>
            <object_component_ref idref="oc-134"/>
            <object_component_ref idref="oc-ad"/>
            <object_component_ref idref="oc-75"/>
            <object_component_ref idref="oc-27"/>
            <object_component_ref idref="oc-6a"/>
            <object_component_ref idref="oc-6e"/>
            <object_component_ref idref="oc-42"/>
            <object_component_ref idref="oc-1e"/>
            <object_component_ref idref="oc-3d"/>
            <object_component_ref idref="oc-7f"/>
            <object_component_ref idref="oc-7d"/>
            <object_component_ref idref="oc-18"/>
            <object_component_ref idref="oc-2d"/>
            <object_component_ref idref="oc-ba"/>
            <object_component_ref idref="oc-78"/>
            <object_component_ref idref="oc-2a"/>
            <object_component_ref idref="oc-58"/>
            <object_component_ref idref="oc-3a"/>
            <object_component_ref idref="oc-144"/>
            <object_component_ref idref="oc-e8"/>
            <object_component_ref idref="oc-169"/>
            <object_component_ref idref="oc-17d"/>
            <object_component_ref idref="oc-16e"/>
            <object_component_ref idref="oc-173"/>
            <object_component_ref idref="oc-94"/>
            <object_component_ref idref="oc-df"/>
            <object_component_ref idref="oc-1bd"/>
         </contents>
      </logical_group>
      <logical_group id="lg-1a2" display="never" color="cyan">
         <name>.debug_line</name>
         <load_address>0x0</load_address>
         <run_address>0x0</run_address>
         <size>0xe00</size>
         <contents>
            <object_component_ref idref="oc-129"/>
            <object_component_ref idref="oc-127"/>
            <object_component_ref idref="oc-9d"/>
            <object_component_ref idref="oc-cb"/>
            <object_component_ref idref="oc-d4"/>
            <object_component_ref idref="oc-124"/>
            <object_component_ref idref="oc-12d"/>
            <object_component_ref idref="oc-b8"/>
            <object_component_ref idref="oc-132"/>
            <object_component_ref idref="oc-35"/>
            <object_component_ref idref="oc-11d"/>
            <object_component_ref idref="oc-137"/>
            <object_component_ref idref="oc-ac"/>
            <object_component_ref idref="oc-b4"/>
            <object_component_ref idref="oc-74"/>
            <object_component_ref idref="oc-69"/>
            <object_component_ref idref="oc-71"/>
            <object_component_ref idref="oc-85"/>
            <object_component_ref idref="oc-22"/>
            <object_component_ref idref="oc-40"/>
            <object_component_ref idref="oc-82"/>
            <object_component_ref idref="oc-c0"/>
            <object_component_ref idref="oc-1b"/>
            <object_component_ref idref="oc-30"/>
            <object_component_ref idref="oc-bd"/>
            <object_component_ref idref="oc-7b"/>
            <object_component_ref idref="oc-77"/>
            <object_component_ref idref="oc-56"/>
            <object_component_ref idref="oc-39"/>
            <object_component_ref idref="oc-168"/>
            <object_component_ref idref="oc-eb"/>
            <object_component_ref idref="oc-16c"/>
            <object_component_ref idref="oc-180"/>
            <object_component_ref idref="oc-171"/>
            <object_component_ref idref="oc-176"/>
            <object_component_ref idref="oc-98"/>
            <object_component_ref idref="oc-dd"/>
         </contents>
      </logical_group>
      <logical_group id="lg-1a4" display="never" color="cyan">
         <name>.debug_frame</name>
         <load_address>0x0</load_address>
         <run_address>0x0</run_address>
         <size>0x414</size>
         <contents>
            <object_component_ref idref="oc-9e"/>
            <object_component_ref idref="oc-cf"/>
            <object_component_ref idref="oc-d5"/>
            <object_component_ref idref="oc-b0"/>
            <object_component_ref idref="oc-6c"/>
            <object_component_ref idref="oc-72"/>
            <object_component_ref idref="oc-21"/>
            <object_component_ref idref="oc-1c"/>
            <object_component_ref idref="oc-57"/>
            <object_component_ref idref="oc-ec"/>
            <object_component_ref idref="oc-97"/>
            <object_component_ref idref="oc-de"/>
         </contents>
      </logical_group>
      <logical_group id="lg-1a6" display="never" color="cyan">
         <name>.debug_abbrev</name>
         <load_address>0x0</load_address>
         <run_address>0x0</run_address>
         <size>0xb5b</size>
         <contents>
            <object_component_ref idref="oc-128"/>
            <object_component_ref idref="oc-126"/>
            <object_component_ref idref="oc-d9"/>
            <object_component_ref idref="oc-11f"/>
            <object_component_ref idref="oc-120"/>
            <object_component_ref idref="oc-123"/>
            <object_component_ref idref="oc-12c"/>
            <object_component_ref idref="oc-b7"/>
            <object_component_ref idref="oc-131"/>
            <object_component_ref idref="oc-34"/>
            <object_component_ref idref="oc-11c"/>
            <object_component_ref idref="oc-136"/>
            <object_component_ref idref="oc-119"/>
            <object_component_ref idref="oc-b3"/>
            <object_component_ref idref="oc-73"/>
            <object_component_ref idref="oc-b1"/>
            <object_component_ref idref="oc-b2"/>
            <object_component_ref idref="oc-84"/>
            <object_component_ref idref="oc-3c"/>
            <object_component_ref idref="oc-3f"/>
            <object_component_ref idref="oc-81"/>
            <object_component_ref idref="oc-bf"/>
            <object_component_ref idref="oc-2c"/>
            <object_component_ref idref="oc-2f"/>
            <object_component_ref idref="oc-bc"/>
            <object_component_ref idref="oc-7a"/>
            <object_component_ref idref="oc-76"/>
            <object_component_ref idref="oc-a2"/>
            <object_component_ref idref="oc-7e"/>
            <object_component_ref idref="oc-167"/>
            <object_component_ref idref="oc-143"/>
            <object_component_ref idref="oc-16b"/>
            <object_component_ref idref="oc-17f"/>
            <object_component_ref idref="oc-170"/>
            <object_component_ref idref="oc-175"/>
            <object_component_ref idref="oc-c9"/>
            <object_component_ref idref="oc-139"/>
            <object_component_ref idref="oc-1be"/>
         </contents>
      </logical_group>
      <logical_group id="lg-1a8" display="never" color="cyan">
         <name>.debug_str</name>
         <load_address>0x0</load_address>
         <run_address>0x0</run_address>
         <size>0x2f2a</size>
         <contents>
            <object_component_ref idref="oc-125"/>
            <object_component_ref idref="oc-12e"/>
            <object_component_ref idref="oc-b9"/>
            <object_component_ref idref="oc-133"/>
            <object_component_ref idref="oc-36"/>
            <object_component_ref idref="oc-11e"/>
            <object_component_ref idref="oc-138"/>
            <object_component_ref idref="oc-41"/>
            <object_component_ref idref="oc-83"/>
            <object_component_ref idref="oc-31"/>
            <object_component_ref idref="oc-be"/>
            <object_component_ref idref="oc-7c"/>
            <object_component_ref idref="oc-16d"/>
            <object_component_ref idref="oc-181"/>
            <object_component_ref idref="oc-172"/>
            <object_component_ref idref="oc-177"/>
         </contents>
      </logical_group>
      <logical_group id="lg-1aa" display="never" color="cyan">
         <name>.debug_aranges</name>
         <load_address>0x0</load_address>
         <run_address>0x0</run_address>
         <size>0x1a0</size>
         <contents>
            <object_component_ref idref="oc-9b"/>
            <object_component_ref idref="oc-ce"/>
            <object_component_ref idref="oc-d3"/>
            <object_component_ref idref="oc-af"/>
            <object_component_ref idref="oc-68"/>
            <object_component_ref idref="oc-6f"/>
            <object_component_ref idref="oc-20"/>
            <object_component_ref idref="oc-19"/>
            <object_component_ref idref="oc-5a"/>
            <object_component_ref idref="oc-38"/>
            <object_component_ref idref="oc-ea"/>
            <object_component_ref idref="oc-95"/>
            <object_component_ref idref="oc-dc"/>
         </contents>
      </logical_group>
      <logical_group id="lg-1ac" display="never" color="cyan">
         <name>.debug_pubnames</name>
         <load_address>0x0</load_address>
         <run_address>0x0</run_address>
         <size>0x23d</size>
         <contents>
            <object_component_ref idref="oc-d8"/>
            <object_component_ref idref="oc-9c"/>
            <object_component_ref idref="oc-cd"/>
            <object_component_ref idref="oc-d2"/>
            <object_component_ref idref="oc-ae"/>
            <object_component_ref idref="oc-28"/>
            <object_component_ref idref="oc-6b"/>
            <object_component_ref idref="oc-70"/>
            <object_component_ref idref="oc-1f"/>
            <object_component_ref idref="oc-1a"/>
            <object_component_ref idref="oc-2b"/>
            <object_component_ref idref="oc-59"/>
            <object_component_ref idref="oc-3b"/>
            <object_component_ref idref="oc-e9"/>
            <object_component_ref idref="oc-96"/>
            <object_component_ref idref="oc-e0"/>
         </contents>
      </logical_group>
      <logical_group id="lg-1ae" display="never" color="cyan">
         <name>.debug_pubtypes</name>
         <load_address>0x0</load_address>
         <run_address>0x0</run_address>
         <size>0xd10</size>
         <contents>
            <object_component_ref idref="oc-122"/>
            <object_component_ref idref="oc-12b"/>
            <object_component_ref idref="oc-b6"/>
            <object_component_ref idref="oc-130"/>
            <object_component_ref idref="oc-33"/>
            <object_component_ref idref="oc-11b"/>
            <object_component_ref idref="oc-135"/>
            <object_component_ref idref="oc-3e"/>
            <object_component_ref idref="oc-80"/>
            <object_component_ref idref="oc-2e"/>
            <object_component_ref idref="oc-bb"/>
            <object_component_ref idref="oc-79"/>
            <object_component_ref idref="oc-16a"/>
            <object_component_ref idref="oc-17e"/>
            <object_component_ref idref="oc-16f"/>
            <object_component_ref idref="oc-174"/>
         </contents>
      </logical_group>
      <logical_group id="lg-1bb" display="no" color="cyan">
         <name>Veneer$$CMSE</name>
         <run_address>0x0</run_address>
         <size>0x0</size>
         <contents>
         </contents>
      </logical_group>
      <load_segment id="lg-1c0" display="no" color="cyan">
         <name>SEGMENT_0</name>
         <load_address>0x0</load_address>
         <run_address>0x0</run_address>
         <size>0x590</size>
         <flags>0x5</flags>
         <contents>
            <logical_group_ref idref="lg-3"/>
            <logical_group_ref idref="lg-4"/>
            <logical_group_ref idref="lg-6"/>
         </contents>
      </load_segment>
      <load_segment id="lg-1c1" display="no" color="cyan">
         <name>SEGMENT_1</name>
         <run_address>0x20000000</run_address>
         <size>0x2</size>
         <flags>0x6</flags>
         <contents>
            <logical_group_ref idref="lg-e"/>
         </contents>
      </load_segment>
      <load_segment id="lg-1c2" display="no" color="cyan">
         <name>SEGMENT_2</name>
         <run_address>0x2000fe00</run_address>
         <size>0x200</size>
         <flags>0x6</flags>
         <contents>
            <logical_group_ref idref="lg-11"/>
         </contents>
      </load_segment>
   </logical_group_list>
   <placement_map>
      <memory_area display="yes" color="green">
         <name>MAIN</name>
         <page_id>0x0</page_id>
         <origin>0x0</origin>
         <length>0x40000</length>
         <used_space>0x590</used_space>
         <unused_space>0x3fa70</unused_space>
         <attributes>RX</attributes>
         <usage_details>
            <allocated_space>
               <start_address>0x0</start_address>
               <size>0x0</size>
               <logical_group_ref idref="lg-9"/>
            </allocated_space>
            <allocated_space>
               <start_address>0x0</start_address>
               <size>0xe4</size>
               <logical_group_ref idref="lg-3"/>
            </allocated_space>
            <allocated_space>
               <start_address>0xe4</start_address>
               <size>0x494</size>
               <logical_group_ref idref="lg-4"/>
            </allocated_space>
            <allocated_space>
               <start_address>0x578</start_address>
               <size>0x18</size>
               <logical_group_ref idref="lg-6"/>
            </allocated_space>
            <available_space>
               <start_address>0x590</start_address>
               <size>0x3fa70</size>
            </available_space>
         </usage_details>
      </memory_area>
      <memory_area display="yes" color="green">
         <name>INFO</name>
         <page_id>0x0</page_id>
         <origin>0x200000</origin>
         <length>0x4000</length>
         <used_space>0x0</used_space>
         <unused_space>0x4000</unused_space>
         <attributes>RX</attributes>
         <usage_details>
         </usage_details>
      </memory_area>
      <memory_area display="yes" color="green">
         <name>SRAM_CODE</name>
         <page_id>0x0</page_id>
         <origin>0x1000000</origin>
         <length>0x10000</length>
         <used_space>0x202</used_space>
         <unused_space>0xfdfe</unused_space>
         <attributes>RWX</attributes>
         <usage_details>
            <allocated_space>
               <start_address>0x1000000</start_address>
               <size>0x0</size>
               <logical_group_ref idref="lg-18b"/>
            </allocated_space>
            <allocated_space>
               <start_address>0x1000000</start_address>
               <size>0x2</size>
               <logical_group_ref idref="lg-e"/>
            </allocated_space>
            <available_space>
               <start_address>0x1000002</start_address>
               <size>0xfdfe</size>
            </available_space>
            <allocated_space>
               <start_address>0x100fe00</start_address>
               <size>0x200</size>
               <logical_group_ref idref="lg-11"/>
            </allocated_space>
         </usage_details>
      </memory_area>
      <memory_area display="yes" color="green">
         <name>SRAM_DATA</name>
         <page_id>0x0</page_id>
         <origin>0x20000000</origin>
         <length>0x10000</length>
         <used_space>0x202</used_space>
         <unused_space>0xfdfe</unused_space>
         <attributes>RW</attributes>
         <usage_details>
            <allocated_space>
               <start_address>0x20000000</start_address>
               <size>0x0</size>
               <logical_group_ref idref="lg-18b"/>
            </allocated_space>
            <allocated_space>
               <start_address>0x20000000</start_address>
               <size>0x2</size>
               <logical_group_ref idref="lg-e"/>
            </allocated_space>
            <available_space>
               <start_address>0x20000002</start_address>
               <size>0xfdfe</size>
            </available_space>
            <allocated_space>
               <start_address>0x2000fe00</start_address>
               <size>0x200</size>
               <logical_group_ref idref="lg-11"/>
            </allocated_space>
         </usage_details>
      </memory_area>
   </placement_map>
   <cptbl_list>
      <cptbl>
         <name>__TI_cinit_table</name>
         <cprec>
            <name>.data</name>
            <load_address>0x580</load_address>
            <load_size>0x6</load_size>
            <run_address>0x20000000</run_address>
            <run_size>0x2</run_size>
            <compression>lzss</compression>
         </cprec>
      </cptbl>
   </cptbl_list>
   <handler_table>
      <handler_table_name>__TI_handler_table</handler_table_name>
      <handler>
         <index>0x0</index>
         <name>__TI_decompress_lzss</name>
      </handler>
      <handler>
         <index>0x1</index>
         <name>__TI_decompress_none</name>
      </handler>
   </handler_table>
   <symbol_table>
      <symbol id="sm-1">
         <name>WDTCTL_SYM</name>
         <value>0x4000480c</value>
      </symbol>
      <symbol id="sm-2">
         <name>__start___llvm_prf_cnts</name>
         <value>0x20000000</value>
      </symbol>
      <symbol id="sm-3">
         <name>__stop___llvm_prf_cnts</name>
         <value>0x20000000</value>
      </symbol>
      <symbol id="sm-4">
         <name>__TI_CINIT_Base</name>
         <value>0x588</value>
      </symbol>
      <symbol id="sm-5">
         <name>__TI_CINIT_Limit</name>
         <value>0x590</value>
      </symbol>
      <symbol id="sm-6">
         <name>__TI_Handler_Table_Base</name>
         <value>0x578</value>
      </symbol>
      <symbol id="sm-7">
         <name>__TI_Handler_Table_Limit</name>
         <value>0x580</value>
      </symbol>
      <symbol id="sm-8">
         <name>binit</name>
         <value>0xffffffff</value>
      </symbol>
      <symbol id="sm-9">
         <name>__binit__</name>
         <value>0xffffffff</value>
      </symbol>
      <symbol id="sm-a">
         <name>__STACK_SIZE</name>
         <value>0x200</value>
      </symbol>
      <symbol id="sm-b">
         <name>__STACK_END</name>
         <value>0x20010000</value>
      </symbol>
      <symbol id="sm-c">
         <name>__c_args__</name>
         <value>0xffffffff</value>
      </symbol>
      <symbol id="sm-d">
         <name>__TI_pprof_out_hndl</name>
         <value>0xffffffff</value>
      </symbol>
      <symbol id="sm-e">
         <name>__TI_prof_data_start</name>
         <value>0xffffffff</value>
      </symbol>
      <symbol id="sm-f">
         <name>__TI_prof_data_size</name>
         <value>0xffffffff</value>
      </symbol>
      <symbol id="sm-9d">
         <name>SpeedD</name>
         <value>0x20000001</value>
         <object_component_ref idref="oc-d6"/>
      </symbol>
      <symbol id="sm-9e">
         <name>StateB</name>
         <value>0x20000000</value>
         <object_component_ref idref="oc-d6"/>
      </symbol>
      <symbol id="sm-9f">
         <name>toggle</name>
         <value>0x36d</value>
         <object_component_ref idref="oc-d0"/>
      </symbol>
      <symbol id="sm-a0">
         <name>main</name>
         <value>0xe5</value>
         <object_component_ref idref="oc-99"/>
      </symbol>
      <symbol id="sm-a1">
         <name>setup</name>
         <value>0x209</value>
         <object_component_ref idref="oc-ca"/>
      </symbol>
      <symbol id="sm-b4">
         <name>SystemInit</name>
         <value>0x3fd</value>
         <object_component_ref idref="oc-ab"/>
      </symbol>
      <symbol id="sm-d0">
         <name>Reset_Handler</name>
         <value>0x563</value>
         <object_component_ref idref="oc-67"/>
      </symbol>
      <symbol id="sm-d1">
         <name>Default_Handler</name>
         <value>0x577</value>
         <object_component_ref idref="oc-6d"/>
      </symbol>
      <symbol id="sm-d2">
         <name>interruptVectors</name>
         <value>0x0</value>
         <object_component_ref idref="oc-26"/>
      </symbol>
      <symbol id="sm-ea">
         <name>__TI_decompress_none</name>
         <value>0x555</value>
         <object_component_ref idref="oc-1d"/>
      </symbol>
      <symbol id="sm-10d">
         <name>__TI_decompress_lzss</name>
         <value>0x475</value>
         <object_component_ref idref="oc-17"/>
      </symbol>
      <symbol id="sm-120">
         <name>__stack</name>
         <value>0x2000fe00</value>
         <object_component_ref idref="oc-29"/>
      </symbol>
      <symbol id="sm-121">
         <name>_c_int00_noargs</name>
         <value>0x521</value>
         <object_component_ref idref="oc-55"/>
      </symbol>
      <symbol id="sm-13c">
         <name>memcpy</name>
         <value>0x2d1</value>
         <object_component_ref idref="oc-37"/>
      </symbol>
      <symbol id="sm-13d">
         <name>__aeabi_memcpy</name>
         <value>0x2d1</value>
         <object_component_ref idref="oc-37"/>
      </symbol>
      <symbol id="sm-13e">
         <name>__aeabi_memcpy8</name>
         <value>0x2d1</value>
         <object_component_ref idref="oc-37"/>
      </symbol>
      <symbol id="sm-13f">
         <name>__aeabi_memcpy4</name>
         <value>0x2d1</value>
         <object_component_ref idref="oc-37"/>
      </symbol>
      <symbol id="sm-168">
         <name>__TI_auto_init_nobinit_nopinit</name>
         <value>0x4dd</value>
         <object_component_ref idref="oc-e7"/>
      </symbol>
      <symbol id="sm-172">
         <name>_system_pre_init</name>
         <value>0x56f</value>
         <object_component_ref idref="oc-93"/>
      </symbol>
      <symbol id="sm-17e">
         <name>C$$EXIT</name>
         <value>0x573</value>
         <object_component_ref idref="oc-db"/>
      </symbol>
      <symbol id="sm-17f">
         <name>abort</name>
         <value>0x573</value>
         <object_component_ref idref="oc-db"/>
      </symbol>
      <symbol id="sm-182">
         <name>__TI_static_base__</name>
         <value>0x0</value>
      </symbol>
      <symbol id="sm-185">
         <name>__mpu_init</name>
         <value>0x0</value>
      </symbol>
      <symbol id="sm-186">
         <name>_system_post_cinit</name>
         <value>0x0</value>
      </symbol>
      <symbol id="sm-187">
         <name>NMI_Handler</name>
         <value>0x577</value>
      </symbol>
      <symbol id="sm-188">
         <name>HardFault_Handler</name>
         <value>0x577</value>
      </symbol>
      <symbol id="sm-189">
         <name>MemManage_Handler</name>
         <value>0x577</value>
      </symbol>
      <symbol id="sm-18a">
         <name>BusFault_Handler</name>
         <value>0x577</value>
      </symbol>
      <symbol id="sm-18b">
         <name>UsageFault_Handler</name>
         <value>0x577</value>
      </symbol>
      <symbol id="sm-18c">
         <name>SVC_Handler</name>
         <value>0x577</value>
      </symbol>
      <symbol id="sm-18d">
         <name>DebugMon_Handler</name>
         <value>0x577</value>
      </symbol>
      <symbol id="sm-18e">
         <name>PendSV_Handler</name>
         <value>0x577</value>
      </symbol>
      <symbol id="sm-18f">
         <name>SysTick_Handler</name>
         <value>0x577</value>
      </symbol>
      <symbol id="sm-190">
         <name>PSS_IRQHandler</name>
         <value>0x577</value>
      </symbol>
      <symbol id="sm-191">
         <name>CS_IRQHandler</name>
         <value>0x577</value>
      </symbol>
      <symbol id="sm-192">
         <name>PCM_IRQHandler</name>
         <value>0x577</value>
      </symbol>
      <symbol id="sm-193">
         <name>WDT_A_IRQHandler</name>
         <value>0x577</value>
      </symbol>
      <symbol id="sm-194">
         <name>FPU_IRQHandler</name>
         <value>0x577</value>
      </symbol>
      <symbol id="sm-195">
         <name>FLCTL_IRQHandler</name>
         <value>0x577</value>
      </symbol>
      <symbol id="sm-196">
         <name>COMP_E0_IRQHandler</name>
         <value>0x577</value>
      </symbol>
      <symbol id="sm-197">
         <name>COMP_E1_IRQHandler</name>
         <value>0x577</value>
      </symbol>
      <symbol id="sm-198">
         <name>TA0_0_IRQHandler</name>
         <value>0x577</value>
      </symbol>
      <symbol id="sm-199">
         <name>TA0_N_IRQHandler</name>
         <value>0x577</value>
      </symbol>
      <symbol id="sm-19a">
         <name>TA1_0_IRQHandler</name>
         <value>0x577</value>
      </symbol>
      <symbol id="sm-19b">
         <name>TA1_N_IRQHandler</name>
         <value>0x577</value>
      </symbol>
      <symbol id="sm-19c">
         <name>TA2_0_IRQHandler</name>
         <value>0x577</value>
      </symbol>
      <symbol id="sm-19d">
         <name>TA2_N_IRQHandler</name>
         <value>0x577</value>
      </symbol>
      <symbol id="sm-19e">
         <name>TA3_0_IRQHandler</name>
         <value>0x577</value>
      </symbol>
      <symbol id="sm-19f">
         <name>TA3_N_IRQHandler</name>
         <value>0x577</value>
      </symbol>
      <symbol id="sm-1a0">
         <name>EUSCIA0_IRQHandler</name>
         <value>0x577</value>
      </symbol>
      <symbol id="sm-1a1">
         <name>EUSCIA1_IRQHandler</name>
         <value>0x577</value>
      </symbol>
      <symbol id="sm-1a2">
         <name>EUSCIA2_IRQHandler</name>
         <value>0x577</value>
      </symbol>
      <symbol id="sm-1a3">
         <name>EUSCIA3_IRQHandler</name>
         <value>0x577</value>
      </symbol>
      <symbol id="sm-1a4">
         <name>EUSCIB0_IRQHandler</name>
         <value>0x577</value>
      </symbol>
      <symbol id="sm-1a5">
         <name>EUSCIB1_IRQHandler</name>
         <value>0x577</value>
      </symbol>
      <symbol id="sm-1a6">
         <name>EUSCIB2_IRQHandler</name>
         <value>0x577</value>
      </symbol>
      <symbol id="sm-1a7">
         <name>EUSCIB3_IRQHandler</name>
         <value>0x577</value>
      </symbol>
      <symbol id="sm-1a8">
         <name>ADC14_IRQHandler</name>
         <value>0x577</value>
      </symbol>
      <symbol id="sm-1a9">
         <name>T32_INT1_IRQHandler</name>
         <value>0x577</value>
      </symbol>
      <symbol id="sm-1aa">
         <name>T32_INT2_IRQHandler</name>
         <value>0x577</value>
      </symbol>
      <symbol id="sm-1ab">
         <name>T32_INTC_IRQHandler</name>
         <value>0x577</value>
      </symbol>
      <symbol id="sm-1ac">
         <name>AES256_IRQHandler</name>
         <value>0x577</value>
      </symbol>
      <symbol id="sm-1ad">
         <name>RTC_C_IRQHandler</name>
         <value>0x577</value>
      </symbol>
      <symbol id="sm-1ae">
         <name>DMA_ERR_IRQHandler</name>
         <value>0x577</value>
      </symbol>
      <symbol id="sm-1af">
         <name>DMA_INT3_IRQHandler</name>
         <value>0x577</value>
      </symbol>
      <symbol id="sm-1b0">
         <name>DMA_INT2_IRQHandler</name>
         <value>0x577</value>
      </symbol>
      <symbol id="sm-1b1">
         <name>DMA_INT1_IRQHandler</name>
         <value>0x577</value>
      </symbol>
      <symbol id="sm-1b2">
         <name>DMA_INT0_IRQHandler</name>
         <value>0x577</value>
      </symbol>
      <symbol id="sm-1b3">
         <name>PORT1_IRQHandler</name>
         <value>0x577</value>
      </symbol>
      <symbol id="sm-1b4">
         <name>PORT2_IRQHandler</name>
         <value>0x577</value>
      </symbol>
      <symbol id="sm-1b5">
         <name>PORT3_IRQHandler</name>
         <value>0x577</value>
      </symbol>
      <symbol id="sm-1b6">
         <name>PORT4_IRQHandler</name>
         <value>0x577</value>
      </symbol>
      <symbol id="sm-1b7">
         <name>PORT5_IRQHandler</name>
         <value>0x577</value>
      </symbol>
      <symbol id="sm-1b8">
         <name>PORT6_IRQHandler</name>
         <value>0x577</value>
      </symbol>
   </symbol_table>
   <title>Link successful</title>
</link_info>
