<?xml version="1.0" encoding="ISO-8859-1" ?>
<link_info>
   <banner>TI ARM Linker PC v20.2.6.LTS</banner>
   <copyright>Copyright (c) 1996-2018 Texas Instruments Incorporated</copyright>
   <link_time>0x631a69b4</link_time>
   <link_errors>0x0</link_errors>
   <output_file>lab2_template_eel4743.out</output_file>
   <entry_point>
      <name>_c_int00_noargs</name>
      <address>0x62d</address>
   </entry_point>
   <input_file_list>
      <input_file id="fl-2">
         <path>.\</path>
         <kind>object</kind>
         <file>lab2-5.obj</file>
         <name>lab2-5.obj</name>
      </input_file>
      <input_file id="fl-3">
         <path>.\</path>
         <kind>object</kind>
         <file>system_msp432p401r.obj</file>
         <name>system_msp432p401r.obj</name>
      </input_file>
      <input_file id="fl-4">
         <path>.\ccs\</path>
         <kind>object</kind>
         <file>startup_msp432p401r_ccs.obj</file>
         <name>startup_msp432p401r_ccs.obj</name>
      </input_file>
      <input_file id="fl-e">
         <kind>object</kind>
         <file>&lt;internal&gt;</file>
         <name>&lt;internal&gt;</name>
      </input_file>
      <input_file id="fl-c4">
         <path>C:\ti\ccs1200\ccs\tools\compiler\ti-cgt-arm_20.2.6.LTS\lib\</path>
         <kind>archive</kind>
         <file>rtsv7M4_T_le_v4SPD16_eabi.lib</file>
         <name>copy_zero_init.c.obj</name>
      </input_file>
      <input_file id="fl-c5">
         <path>C:\ti\ccs1200\ccs\tools\compiler\ti-cgt-arm_20.2.6.LTS\lib\</path>
         <kind>archive</kind>
         <file>rtsv7M4_T_le_v4SPD16_eabi.lib</file>
         <name>copy_decompress_none.c.obj</name>
      </input_file>
      <input_file id="fl-c6">
         <path>C:\ti\ccs1200\ccs\tools\compiler\ti-cgt-arm_20.2.6.LTS\lib\</path>
         <kind>archive</kind>
         <file>rtsv7M4_T_le_v4SPD16_eabi.lib</file>
         <name>copy_decompress_lzss.c.obj</name>
      </input_file>
      <input_file id="fl-c7">
         <path>C:\ti\ccs1200\ccs\tools\compiler\ti-cgt-arm_20.2.6.LTS\lib\</path>
         <kind>archive</kind>
         <file>rtsv7M4_T_le_v4SPD16_eabi.lib</file>
         <name>boot_cortex_m.c.obj</name>
      </input_file>
      <input_file id="fl-c8">
         <path>C:\ti\ccs1200\ccs\tools\compiler\ti-cgt-arm_20.2.6.LTS\lib\</path>
         <kind>archive</kind>
         <file>rtsv7M4_T_le_v4SPD16_eabi.lib</file>
         <name>memcpy_t2.asm.obj</name>
      </input_file>
      <input_file id="fl-c9">
         <path>C:\ti\ccs1200\ccs\tools\compiler\ti-cgt-arm_20.2.6.LTS\lib\</path>
         <kind>archive</kind>
         <file>rtsv7M4_T_le_v4SPD16_eabi.lib</file>
         <name>memset_t2.asm.obj</name>
      </input_file>
      <input_file id="fl-ca">
         <path>C:\ti\ccs1200\ccs\tools\compiler\ti-cgt-arm_20.2.6.LTS\lib\</path>
         <kind>archive</kind>
         <file>rtsv7M4_T_le_v4SPD16_eabi.lib</file>
         <name>autoinit.c.obj</name>
      </input_file>
      <input_file id="fl-cb">
         <path>C:\ti\ccs1200\ccs\tools\compiler\ti-cgt-arm_20.2.6.LTS\lib\</path>
         <kind>archive</kind>
         <file>rtsv7M4_T_le_v4SPD16_eabi.lib</file>
         <name>pre_init.c.obj</name>
      </input_file>
      <input_file id="fl-cc">
         <path>C:\ti\ccs1200\ccs\tools\compiler\ti-cgt-arm_20.2.6.LTS\lib\</path>
         <kind>archive</kind>
         <file>rtsv7M4_T_le_v4SPD16_eabi.lib</file>
         <name>cpy_tbl.c.obj</name>
      </input_file>
      <input_file id="fl-cd">
         <path>C:\ti\ccs1200\ccs\tools\compiler\ti-cgt-arm_20.2.6.LTS\lib\</path>
         <kind>archive</kind>
         <file>rtsv7M4_T_le_v4SPD16_eabi.lib</file>
         <name>exit.c.obj</name>
      </input_file>
      <input_file id="fl-ce">
         <path>C:\ti\ccs1200\ccs\tools\compiler\ti-cgt-arm_20.2.6.LTS\lib\</path>
         <kind>archive</kind>
         <file>rtsv7M4_T_le_v4SPD16_eabi.lib</file>
         <name>_lock.c.obj</name>
      </input_file>
      <input_file id="fl-cf">
         <path>C:\ti\ccs1200\ccs\tools\compiler\ti-cgt-arm_20.2.6.LTS\lib\</path>
         <kind>archive</kind>
         <file>rtsv7M4_T_le_v4SPD16_eabi.lib</file>
         <name>args_main.c.obj</name>
      </input_file>
   </input_file_list>
   <object_component_list>
      <object_component id="oc-26">
         <name>.intvecs:retain</name>
         <load_address>0x0</load_address>
         <run_address>0x0</run_address>
         <size>0xe4</size>
         <input_file_ref idref="fl-4"/>
      </object_component>
      <object_component id="oc-d0">
         <name>.text:toggle</name>
         <load_address>0xe4</load_address>
         <run_address>0xe4</run_address>
         <size>0x144</size>
         <input_file_ref idref="fl-2"/>
      </object_component>
      <object_component id="oc-99">
         <name>.text:main</name>
         <load_address>0x228</load_address>
         <run_address>0x228</run_address>
         <size>0x110</size>
         <input_file_ref idref="fl-2"/>
      </object_component>
      <object_component id="oc-ca">
         <name>.text:setup</name>
         <load_address>0x338</load_address>
         <run_address>0x338</run_address>
         <size>0xc0</size>
         <input_file_ref idref="fl-2"/>
      </object_component>
      <object_component id="oc-37">
         <name>.text</name>
         <load_address>0x3f8</load_address>
         <run_address>0x3f8</run_address>
         <size>0x9c</size>
         <input_file_ref idref="fl-c8"/>
      </object_component>
      <object_component id="oc-ab">
         <name>.text:SystemInit</name>
         <load_address>0x494</load_address>
         <run_address>0x494</run_address>
         <size>0x78</size>
         <input_file_ref idref="fl-3"/>
      </object_component>
      <object_component id="oc-17">
         <name>.text:decompress:lzss:__TI_decompress_lzss</name>
         <load_address>0x50c</load_address>
         <run_address>0x50c</run_address>
         <size>0x68</size>
         <input_file_ref idref="fl-c6"/>
      </object_component>
      <object_component id="oc-f3">
         <name>.text:__TI_auto_init_nobinit_nopinit:__TI_auto_init_nobinit_nopinit</name>
         <load_address>0x574</load_address>
         <run_address>0x574</run_address>
         <size>0x44</size>
         <input_file_ref idref="fl-ca"/>
      </object_component>
      <object_component id="oc-d6">
         <name>.text:stateSwitch</name>
         <load_address>0x5b8</load_address>
         <run_address>0x5b8</run_address>
         <size>0x3c</size>
         <input_file_ref idref="fl-2"/>
      </object_component>
      <object_component id="oc-dc">
         <name>.text:myTimeDelay</name>
         <load_address>0x5f4</load_address>
         <run_address>0x5f4</run_address>
         <size>0x38</size>
         <input_file_ref idref="fl-2"/>
      </object_component>
      <object_component id="oc-55">
         <name>.text:_c_int00_noargs:_c_int00_noargs</name>
         <load_address>0x62c</load_address>
         <run_address>0x62c</run_address>
         <size>0x34</size>
         <input_file_ref idref="fl-c7"/>
      </object_component>
      <object_component id="oc-1d">
         <name>.text:decompress:none:__TI_decompress_none</name>
         <load_address>0x660</load_address>
         <run_address>0x660</run_address>
         <size>0xe</size>
         <input_file_ref idref="fl-c5"/>
      </object_component>
      <object_component id="oc-67">
         <name>.text:Reset_Handler</name>
         <load_address>0x66e</load_address>
         <run_address>0x66e</run_address>
         <size>0xc</size>
         <input_file_ref idref="fl-4"/>
      </object_component>
      <object_component id="oc-93">
         <name>.text:_system_pre_init</name>
         <load_address>0x67a</load_address>
         <run_address>0x67a</run_address>
         <size>0x4</size>
         <input_file_ref idref="fl-cb"/>
      </object_component>
      <object_component id="oc-e7">
         <name>.text:abort:abort</name>
         <load_address>0x67e</load_address>
         <run_address>0x67e</run_address>
         <size>0x4</size>
         <input_file_ref idref="fl-cd"/>
      </object_component>
      <object_component id="oc-6d">
         <name>.text:Default_Handler</name>
         <load_address>0x682</load_address>
         <run_address>0x682</run_address>
         <size>0x2</size>
         <input_file_ref idref="fl-4"/>
      </object_component>
      <object_component id="oc-1c6">
         <name>__TI_handler_table</name>
         <load_address>0x688</load_address>
         <run_address>0x688</run_address>
         <size>0x8</size>
      </object_component>
      <object_component id="oc-1c8">
         <name>.cinit..data.load</name>
         <load_address>0x690</load_address>
         <run_address>0x690</run_address>
         <size>0x5</size>
      </object_component>
      <object_component id="oc-1c7">
         <name>__TI_cinit_table</name>
         <load_address>0x698</load_address>
         <run_address>0x698</run_address>
         <size>0x8</size>
      </object_component>
      <object_component id="oc-19a">
         <name>.binit</name>
         <load_address>0x0</load_address>
         <run_address>0x0</run_address>
         <size>0x0</size>
      </object_component>
      <object_component id="oc-e2">
         <name>.data</name>
         <load_address>0x20000000</load_address>
         <run_address>0x20000000</run_address>
         <size>0x1</size>
         <input_file_ref idref="fl-2"/>
      </object_component>
      <object_component id="oc-29">
         <name>.stack</name>
         <uninitialized>true</uninitialized>
         <run_address>0x2000fe00</run_address>
         <size>0x4</size>
         <input_file_ref idref="fl-c7"/>
      </object_component>
      <object_component id="oc-1ca">
         <name>.stack</name>
         <uninitialized>true</uninitialized>
         <run_address>0x2000fe00</run_address>
         <size>0x0</size>
      </object_component>
      <object_component id="oc-e6">
         <name>.debug_info</name>
         <load_address>0x0</load_address>
         <run_address>0x0</run_address>
         <size>0x541</size>
         <input_file_ref idref="fl-2"/>
      </object_component>
      <object_component id="oc-e3">
         <name>.debug_info</name>
         <load_address>0x541</load_address>
         <run_address>0x541</run_address>
         <size>0xd6</size>
         <input_file_ref idref="fl-2"/>
      </object_component>
      <object_component id="oc-9a">
         <name>.debug_info</name>
         <load_address>0x617</load_address>
         <run_address>0x617</run_address>
         <size>0x222</size>
         <input_file_ref idref="fl-2"/>
      </object_component>
      <object_component id="oc-cb">
         <name>.debug_info</name>
         <load_address>0x839</load_address>
         <run_address>0x839</run_address>
         <size>0x15d</size>
         <input_file_ref idref="fl-2"/>
      </object_component>
      <object_component id="oc-d1">
         <name>.debug_info</name>
         <load_address>0x996</load_address>
         <run_address>0x996</run_address>
         <size>0x1ae</size>
         <input_file_ref idref="fl-2"/>
      </object_component>
      <object_component id="oc-dd">
         <name>.debug_info</name>
         <load_address>0xb44</load_address>
         <run_address>0xb44</run_address>
         <size>0x166</size>
         <input_file_ref idref="fl-2"/>
      </object_component>
      <object_component id="oc-d7">
         <name>.debug_info</name>
         <load_address>0xcaa</load_address>
         <run_address>0xcaa</run_address>
         <size>0x175</size>
         <input_file_ref idref="fl-2"/>
      </object_component>
      <object_component id="oc-12d">
         <name>.debug_info</name>
         <load_address>0xe1f</load_address>
         <run_address>0xe1f</run_address>
         <size>0xc2</size>
         <input_file_ref idref="fl-2"/>
      </object_component>
      <object_component id="oc-142">
         <name>.debug_info</name>
         <load_address>0xee1</load_address>
         <run_address>0xee1</run_address>
         <size>0x1028</size>
         <input_file_ref idref="fl-2"/>
      </object_component>
      <object_component id="oc-b5">
         <name>.debug_info</name>
         <load_address>0x1f09</load_address>
         <run_address>0x1f09</run_address>
         <size>0x26b</size>
         <input_file_ref idref="fl-2"/>
      </object_component>
      <object_component id="oc-13d">
         <name>.debug_info</name>
         <load_address>0x2174</load_address>
         <run_address>0x2174</run_address>
         <size>0x37e2</size>
         <input_file_ref idref="fl-2"/>
      </object_component>
      <object_component id="oc-32">
         <name>.debug_info</name>
         <load_address>0x5956</load_address>
         <run_address>0x5956</run_address>
         <size>0x84</size>
         <input_file_ref idref="fl-2"/>
      </object_component>
      <object_component id="oc-126">
         <name>.debug_info</name>
         <load_address>0x59da</load_address>
         <run_address>0x59da</run_address>
         <size>0x2a4</size>
         <input_file_ref idref="fl-2"/>
      </object_component>
      <object_component id="oc-133">
         <name>.debug_info</name>
         <load_address>0x5c7e</load_address>
         <run_address>0x5c7e</run_address>
         <size>0xbb</size>
         <input_file_ref idref="fl-2"/>
      </object_component>
      <object_component id="oc-ae">
         <name>.debug_info</name>
         <load_address>0x5d39</load_address>
         <run_address>0x5d39</run_address>
         <size>0x133</size>
         <input_file_ref idref="fl-3"/>
      </object_component>
      <object_component id="oc-75">
         <name>.debug_info</name>
         <load_address>0x5e6c</load_address>
         <run_address>0x5e6c</run_address>
         <size>0x2d3</size>
         <input_file_ref idref="fl-4"/>
      </object_component>
      <object_component id="oc-27">
         <name>.debug_info</name>
         <load_address>0x613f</load_address>
         <run_address>0x613f</run_address>
         <size>0xff</size>
         <input_file_ref idref="fl-4"/>
      </object_component>
      <object_component id="oc-68">
         <name>.debug_info</name>
         <load_address>0x623e</load_address>
         <run_address>0x623e</run_address>
         <size>0x162</size>
         <input_file_ref idref="fl-4"/>
      </object_component>
      <object_component id="oc-6e">
         <name>.debug_info</name>
         <load_address>0x63a0</load_address>
         <run_address>0x63a0</run_address>
         <size>0x14a</size>
         <input_file_ref idref="fl-4"/>
      </object_component>
      <object_component id="oc-42">
         <name>.debug_info</name>
         <load_address>0x64ea</load_address>
         <run_address>0x64ea</run_address>
         <size>0x2a8</size>
         <input_file_ref idref="fl-c5"/>
      </object_component>
      <object_component id="oc-21">
         <name>.debug_info</name>
         <load_address>0x6792</load_address>
         <run_address>0x6792</run_address>
         <size>0x1ea</size>
         <input_file_ref idref="fl-c5"/>
      </object_component>
      <object_component id="oc-3d">
         <name>.debug_info</name>
         <load_address>0x697c</load_address>
         <run_address>0x697c</run_address>
         <size>0x46</size>
         <input_file_ref idref="fl-c5"/>
      </object_component>
      <object_component id="oc-7f">
         <name>.debug_info</name>
         <load_address>0x69c2</load_address>
         <run_address>0x69c2</run_address>
         <size>0x2c</size>
         <input_file_ref idref="fl-c5"/>
      </object_component>
      <object_component id="oc-7d">
         <name>.debug_info</name>
         <load_address>0x69ee</load_address>
         <run_address>0x69ee</run_address>
         <size>0x29e</size>
         <input_file_ref idref="fl-c6"/>
      </object_component>
      <object_component id="oc-18">
         <name>.debug_info</name>
         <load_address>0x6c8c</load_address>
         <run_address>0x6c8c</run_address>
         <size>0x250</size>
         <input_file_ref idref="fl-c6"/>
      </object_component>
      <object_component id="oc-2d">
         <name>.debug_info</name>
         <load_address>0x6edc</load_address>
         <run_address>0x6edc</run_address>
         <size>0x60</size>
         <input_file_ref idref="fl-c6"/>
      </object_component>
      <object_component id="oc-ba">
         <name>.debug_info</name>
         <load_address>0x6f3c</load_address>
         <run_address>0x6f3c</run_address>
         <size>0x46</size>
         <input_file_ref idref="fl-c6"/>
      </object_component>
      <object_component id="oc-78">
         <name>.debug_info</name>
         <load_address>0x6f82</load_address>
         <run_address>0x6f82</run_address>
         <size>0x39</size>
         <input_file_ref idref="fl-c6"/>
      </object_component>
      <object_component id="oc-2a">
         <name>.debug_info</name>
         <load_address>0x6fbb</load_address>
         <run_address>0x6fbb</run_address>
         <size>0x10b</size>
         <input_file_ref idref="fl-c7"/>
      </object_component>
      <object_component id="oc-59">
         <name>.debug_info</name>
         <load_address>0x70c6</load_address>
         <run_address>0x70c6</run_address>
         <size>0x1a9</size>
         <input_file_ref idref="fl-c7"/>
      </object_component>
      <object_component id="oc-38">
         <name>.debug_info</name>
         <load_address>0x726f</load_address>
         <run_address>0x726f</run_address>
         <size>0x119</size>
         <input_file_ref idref="fl-c8"/>
      </object_component>
      <object_component id="oc-152">
         <name>.debug_info</name>
         <load_address>0x7388</load_address>
         <run_address>0x7388</run_address>
         <size>0x4b3</size>
         <input_file_ref idref="fl-ca"/>
      </object_component>
      <object_component id="oc-f6">
         <name>.debug_info</name>
         <load_address>0x783b</load_address>
         <run_address>0x783b</run_address>
         <size>0x1a6</size>
         <input_file_ref idref="fl-ca"/>
      </object_component>
      <object_component id="oc-177">
         <name>.debug_info</name>
         <load_address>0x79e1</load_address>
         <run_address>0x79e1</run_address>
         <size>0x39</size>
         <input_file_ref idref="fl-ca"/>
      </object_component>
      <object_component id="oc-18b">
         <name>.debug_info</name>
         <load_address>0x7a1a</load_address>
         <run_address>0x7a1a</run_address>
         <size>0x39</size>
         <input_file_ref idref="fl-ca"/>
      </object_component>
      <object_component id="oc-17c">
         <name>.debug_info</name>
         <load_address>0x7a53</load_address>
         <run_address>0x7a53</run_address>
         <size>0x39</size>
         <input_file_ref idref="fl-ca"/>
      </object_component>
      <object_component id="oc-181">
         <name>.debug_info</name>
         <load_address>0x7a8c</load_address>
         <run_address>0x7a8c</run_address>
         <size>0xcd</size>
         <input_file_ref idref="fl-ca"/>
      </object_component>
      <object_component id="oc-95">
         <name>.debug_info</name>
         <load_address>0x7b59</load_address>
         <run_address>0x7b59</run_address>
         <size>0x153</size>
         <input_file_ref idref="fl-cb"/>
      </object_component>
      <object_component id="oc-ea">
         <name>.debug_info</name>
         <load_address>0x7cac</load_address>
         <run_address>0x7cac</run_address>
         <size>0x122</size>
         <input_file_ref idref="fl-cd"/>
      </object_component>
      <object_component id="oc-1cb">
         <name>.debug_info</name>
         <load_address>0x7dce</load_address>
         <run_address>0x7dce</run_address>
         <size>0xa7</size>
      </object_component>
      <object_component id="oc-13c">
         <name>.debug_line</name>
         <load_address>0x0</load_address>
         <run_address>0x0</run_address>
         <size>0x20</size>
         <input_file_ref idref="fl-2"/>
      </object_component>
      <object_component id="oc-13a">
         <name>.debug_line</name>
         <load_address>0x20</load_address>
         <run_address>0x20</run_address>
         <size>0x2f</size>
         <input_file_ref idref="fl-2"/>
      </object_component>
      <object_component id="oc-9d">
         <name>.debug_line</name>
         <load_address>0x4f</load_address>
         <run_address>0x4f</run_address>
         <size>0x84</size>
         <input_file_ref idref="fl-2"/>
      </object_component>
      <object_component id="oc-cf">
         <name>.debug_line</name>
         <load_address>0xd3</load_address>
         <run_address>0xd3</run_address>
         <size>0x53</size>
         <input_file_ref idref="fl-2"/>
      </object_component>
      <object_component id="oc-d4">
         <name>.debug_line</name>
         <load_address>0x126</load_address>
         <run_address>0x126</run_address>
         <size>0x65</size>
         <input_file_ref idref="fl-2"/>
      </object_component>
      <object_component id="oc-e1">
         <name>.debug_line</name>
         <load_address>0x18b</load_address>
         <run_address>0x18b</run_address>
         <size>0x52</size>
         <input_file_ref idref="fl-2"/>
      </object_component>
      <object_component id="oc-da">
         <name>.debug_line</name>
         <load_address>0x1dd</load_address>
         <run_address>0x1dd</run_address>
         <size>0x51</size>
         <input_file_ref idref="fl-2"/>
      </object_component>
      <object_component id="oc-130">
         <name>.debug_line</name>
         <load_address>0x22e</load_address>
         <run_address>0x22e</run_address>
         <size>0x2f</size>
         <input_file_ref idref="fl-2"/>
      </object_component>
      <object_component id="oc-145">
         <name>.debug_line</name>
         <load_address>0x25d</load_address>
         <run_address>0x25d</run_address>
         <size>0x80</size>
         <input_file_ref idref="fl-2"/>
      </object_component>
      <object_component id="oc-b8">
         <name>.debug_line</name>
         <load_address>0x2dd</load_address>
         <run_address>0x2dd</run_address>
         <size>0x6f</size>
         <input_file_ref idref="fl-2"/>
      </object_component>
      <object_component id="oc-140">
         <name>.debug_line</name>
         <load_address>0x34c</load_address>
         <run_address>0x34c</run_address>
         <size>0x83</size>
         <input_file_ref idref="fl-2"/>
      </object_component>
      <object_component id="oc-35">
         <name>.debug_line</name>
         <load_address>0x3cf</load_address>
         <run_address>0x3cf</run_address>
         <size>0x20</size>
         <input_file_ref idref="fl-2"/>
      </object_component>
      <object_component id="oc-129">
         <name>.debug_line</name>
         <load_address>0x3ef</load_address>
         <run_address>0x3ef</run_address>
         <size>0x73</size>
         <input_file_ref idref="fl-2"/>
      </object_component>
      <object_component id="oc-136">
         <name>.debug_line</name>
         <load_address>0x462</load_address>
         <run_address>0x462</run_address>
         <size>0x70</size>
         <input_file_ref idref="fl-2"/>
      </object_component>
      <object_component id="oc-b0">
         <name>.debug_line</name>
         <load_address>0x4d2</load_address>
         <run_address>0x4d2</run_address>
         <size>0x66</size>
         <input_file_ref idref="fl-3"/>
      </object_component>
      <object_component id="oc-b4">
         <name>.debug_line</name>
         <load_address>0x538</load_address>
         <run_address>0x538</run_address>
         <size>0x44</size>
         <input_file_ref idref="fl-4"/>
      </object_component>
      <object_component id="oc-74">
         <name>.debug_line</name>
         <load_address>0x57c</load_address>
         <run_address>0x57c</run_address>
         <size>0x44</size>
         <input_file_ref idref="fl-4"/>
      </object_component>
      <object_component id="oc-6c">
         <name>.debug_line</name>
         <load_address>0x5c0</load_address>
         <run_address>0x5c0</run_address>
         <size>0x5d</size>
         <input_file_ref idref="fl-4"/>
      </object_component>
      <object_component id="oc-72">
         <name>.debug_line</name>
         <load_address>0x61d</load_address>
         <run_address>0x61d</run_address>
         <size>0x59</size>
         <input_file_ref idref="fl-4"/>
      </object_component>
      <object_component id="oc-85">
         <name>.debug_line</name>
         <load_address>0x676</load_address>
         <run_address>0x676</run_address>
         <size>0x20</size>
         <input_file_ref idref="fl-c5"/>
      </object_component>
      <object_component id="oc-1e">
         <name>.debug_line</name>
         <load_address>0x696</load_address>
         <run_address>0x696</run_address>
         <size>0x55</size>
         <input_file_ref idref="fl-c5"/>
      </object_component>
      <object_component id="oc-40">
         <name>.debug_line</name>
         <load_address>0x6eb</load_address>
         <run_address>0x6eb</run_address>
         <size>0x3a</size>
         <input_file_ref idref="fl-c5"/>
      </object_component>
      <object_component id="oc-82">
         <name>.debug_line</name>
         <load_address>0x725</load_address>
         <run_address>0x725</run_address>
         <size>0x92</size>
         <input_file_ref idref="fl-c5"/>
      </object_component>
      <object_component id="oc-c0">
         <name>.debug_line</name>
         <load_address>0x7b7</load_address>
         <run_address>0x7b7</run_address>
         <size>0x20</size>
         <input_file_ref idref="fl-c6"/>
      </object_component>
      <object_component id="oc-1c">
         <name>.debug_line</name>
         <load_address>0x7d7</load_address>
         <run_address>0x7d7</run_address>
         <size>0xa9</size>
         <input_file_ref idref="fl-c6"/>
      </object_component>
      <object_component id="oc-30">
         <name>.debug_line</name>
         <load_address>0x880</load_address>
         <run_address>0x880</run_address>
         <size>0x3a</size>
         <input_file_ref idref="fl-c6"/>
      </object_component>
      <object_component id="oc-bd">
         <name>.debug_line</name>
         <load_address>0x8ba</load_address>
         <run_address>0x8ba</run_address>
         <size>0x9a</size>
         <input_file_ref idref="fl-c6"/>
      </object_component>
      <object_component id="oc-7b">
         <name>.debug_line</name>
         <load_address>0x954</load_address>
         <run_address>0x954</run_address>
         <size>0x96</size>
         <input_file_ref idref="fl-c6"/>
      </object_component>
      <object_component id="oc-77">
         <name>.debug_line</name>
         <load_address>0x9ea</load_address>
         <run_address>0x9ea</run_address>
         <size>0x33</size>
         <input_file_ref idref="fl-c7"/>
      </object_component>
      <object_component id="oc-58">
         <name>.debug_line</name>
         <load_address>0xa1d</load_address>
         <run_address>0xa1d</run_address>
         <size>0x45</size>
         <input_file_ref idref="fl-c7"/>
      </object_component>
      <object_component id="oc-3b">
         <name>.debug_line</name>
         <load_address>0xa62</load_address>
         <run_address>0xa62</run_address>
         <size>0x88</size>
         <input_file_ref idref="fl-c8"/>
      </object_component>
      <object_component id="oc-176">
         <name>.debug_line</name>
         <load_address>0xaea</load_address>
         <run_address>0xaea</run_address>
         <size>0xbf</size>
         <input_file_ref idref="fl-ca"/>
      </object_component>
      <object_component id="oc-f4">
         <name>.debug_line</name>
         <load_address>0xba9</load_address>
         <run_address>0xba9</run_address>
         <size>0x6f</size>
         <input_file_ref idref="fl-ca"/>
      </object_component>
      <object_component id="oc-17a">
         <name>.debug_line</name>
         <load_address>0xc18</load_address>
         <run_address>0xc18</run_address>
         <size>0x2e</size>
         <input_file_ref idref="fl-ca"/>
      </object_component>
      <object_component id="oc-18e">
         <name>.debug_line</name>
         <load_address>0xc46</load_address>
         <run_address>0xc46</run_address>
         <size>0x9a</size>
         <input_file_ref idref="fl-ca"/>
      </object_component>
      <object_component id="oc-17f">
         <name>.debug_line</name>
         <load_address>0xce0</load_address>
         <run_address>0xce0</run_address>
         <size>0x97</size>
         <input_file_ref idref="fl-ca"/>
      </object_component>
      <object_component id="oc-184">
         <name>.debug_line</name>
         <load_address>0xd77</load_address>
         <run_address>0xd77</run_address>
         <size>0x93</size>
         <input_file_ref idref="fl-ca"/>
      </object_component>
      <object_component id="oc-94">
         <name>.debug_line</name>
         <load_address>0xe0a</load_address>
         <run_address>0xe0a</run_address>
         <size>0x40</size>
         <input_file_ref idref="fl-cb"/>
      </object_component>
      <object_component id="oc-e8">
         <name>.debug_line</name>
         <load_address>0xe4a</load_address>
         <run_address>0xe4a</run_address>
         <size>0x3c</size>
         <input_file_ref idref="fl-cd"/>
      </object_component>
      <object_component id="oc-9e">
         <name>.debug_frame</name>
         <load_address>0x0</load_address>
         <run_address>0x0</run_address>
         <size>0x5c</size>
         <input_file_ref idref="fl-2"/>
      </object_component>
      <object_component id="oc-ce">
         <name>.debug_frame</name>
         <load_address>0x5c</load_address>
         <run_address>0x5c</run_address>
         <size>0x5c</size>
         <input_file_ref idref="fl-2"/>
      </object_component>
      <object_component id="oc-d5">
         <name>.debug_frame</name>
         <load_address>0xb8</load_address>
         <run_address>0xb8</run_address>
         <size>0x5c</size>
         <input_file_ref idref="fl-2"/>
      </object_component>
      <object_component id="oc-e0">
         <name>.debug_frame</name>
         <load_address>0x114</load_address>
         <run_address>0x114</run_address>
         <size>0x5c</size>
         <input_file_ref idref="fl-2"/>
      </object_component>
      <object_component id="oc-db">
         <name>.debug_frame</name>
         <load_address>0x170</load_address>
         <run_address>0x170</run_address>
         <size>0x58</size>
         <input_file_ref idref="fl-2"/>
      </object_component>
      <object_component id="oc-ac">
         <name>.debug_frame</name>
         <load_address>0x1c8</load_address>
         <run_address>0x1c8</run_address>
         <size>0x54</size>
         <input_file_ref idref="fl-3"/>
      </object_component>
      <object_component id="oc-6b">
         <name>.debug_frame</name>
         <load_address>0x21c</load_address>
         <run_address>0x21c</run_address>
         <size>0x58</size>
         <input_file_ref idref="fl-4"/>
      </object_component>
      <object_component id="oc-71">
         <name>.debug_frame</name>
         <load_address>0x274</load_address>
         <run_address>0x274</run_address>
         <size>0x54</size>
         <input_file_ref idref="fl-4"/>
      </object_component>
      <object_component id="oc-1f">
         <name>.debug_frame</name>
         <load_address>0x2c8</load_address>
         <run_address>0x2c8</run_address>
         <size>0x54</size>
         <input_file_ref idref="fl-c5"/>
      </object_component>
      <object_component id="oc-1b">
         <name>.debug_frame</name>
         <load_address>0x31c</load_address>
         <run_address>0x31c</run_address>
         <size>0x60</size>
         <input_file_ref idref="fl-c6"/>
      </object_component>
      <object_component id="oc-57">
         <name>.debug_frame</name>
         <load_address>0x37c</load_address>
         <run_address>0x37c</run_address>
         <size>0x50</size>
         <input_file_ref idref="fl-c7"/>
      </object_component>
      <object_component id="oc-f5">
         <name>.debug_frame</name>
         <load_address>0x3cc</load_address>
         <run_address>0x3cc</run_address>
         <size>0x5c</size>
         <input_file_ref idref="fl-ca"/>
      </object_component>
      <object_component id="oc-98">
         <name>.debug_frame</name>
         <load_address>0x428</load_address>
         <run_address>0x428</run_address>
         <size>0x54</size>
         <input_file_ref idref="fl-cb"/>
      </object_component>
      <object_component id="oc-e9">
         <name>.debug_frame</name>
         <load_address>0x47c</load_address>
         <run_address>0x47c</run_address>
         <size>0x54</size>
         <input_file_ref idref="fl-cd"/>
      </object_component>
      <object_component id="oc-13b">
         <name>.debug_abbrev</name>
         <load_address>0x0</load_address>
         <run_address>0x0</run_address>
         <size>0x7a</size>
         <input_file_ref idref="fl-2"/>
      </object_component>
      <object_component id="oc-139">
         <name>.debug_abbrev</name>
         <load_address>0x7a</load_address>
         <run_address>0x7a</run_address>
         <size>0x29</size>
         <input_file_ref idref="fl-2"/>
      </object_component>
      <object_component id="oc-e5">
         <name>.debug_abbrev</name>
         <load_address>0xa3</load_address>
         <run_address>0xa3</run_address>
         <size>0x71</size>
         <input_file_ref idref="fl-2"/>
      </object_component>
      <object_component id="oc-12b">
         <name>.debug_abbrev</name>
         <load_address>0x114</load_address>
         <run_address>0x114</run_address>
         <size>0x5f</size>
         <input_file_ref idref="fl-2"/>
      </object_component>
      <object_component id="oc-12c">
         <name>.debug_abbrev</name>
         <load_address>0x173</load_address>
         <run_address>0x173</run_address>
         <size>0x7b</size>
         <input_file_ref idref="fl-2"/>
      </object_component>
      <object_component id="oc-138">
         <name>.debug_abbrev</name>
         <load_address>0x1ee</load_address>
         <run_address>0x1ee</run_address>
         <size>0x7b</size>
         <input_file_ref idref="fl-2"/>
      </object_component>
      <object_component id="oc-132">
         <name>.debug_abbrev</name>
         <load_address>0x269</load_address>
         <run_address>0x269</run_address>
         <size>0x7a</size>
         <input_file_ref idref="fl-2"/>
      </object_component>
      <object_component id="oc-12f">
         <name>.debug_abbrev</name>
         <load_address>0x2e3</load_address>
         <run_address>0x2e3</run_address>
         <size>0x42</size>
         <input_file_ref idref="fl-2"/>
      </object_component>
      <object_component id="oc-144">
         <name>.debug_abbrev</name>
         <load_address>0x325</load_address>
         <run_address>0x325</run_address>
         <size>0x97</size>
         <input_file_ref idref="fl-2"/>
      </object_component>
      <object_component id="oc-b7">
         <name>.debug_abbrev</name>
         <load_address>0x3bc</load_address>
         <run_address>0x3bc</run_address>
         <size>0x69</size>
         <input_file_ref idref="fl-2"/>
      </object_component>
      <object_component id="oc-13f">
         <name>.debug_abbrev</name>
         <load_address>0x425</load_address>
         <run_address>0x425</run_address>
         <size>0xbd</size>
         <input_file_ref idref="fl-2"/>
      </object_component>
      <object_component id="oc-34">
         <name>.debug_abbrev</name>
         <load_address>0x4e2</load_address>
         <run_address>0x4e2</run_address>
         <size>0x1f</size>
         <input_file_ref idref="fl-2"/>
      </object_component>
      <object_component id="oc-128">
         <name>.debug_abbrev</name>
         <load_address>0x501</load_address>
         <run_address>0x501</run_address>
         <size>0x5c</size>
         <input_file_ref idref="fl-2"/>
      </object_component>
      <object_component id="oc-135">
         <name>.debug_abbrev</name>
         <load_address>0x55d</load_address>
         <run_address>0x55d</run_address>
         <size>0x24</size>
         <input_file_ref idref="fl-2"/>
      </object_component>
      <object_component id="oc-125">
         <name>.debug_abbrev</name>
         <load_address>0x581</load_address>
         <run_address>0x581</run_address>
         <size>0x50</size>
         <input_file_ref idref="fl-3"/>
      </object_component>
      <object_component id="oc-b3">
         <name>.debug_abbrev</name>
         <load_address>0x5d1</load_address>
         <run_address>0x5d1</run_address>
         <size>0x7c</size>
         <input_file_ref idref="fl-4"/>
      </object_component>
      <object_component id="oc-73">
         <name>.debug_abbrev</name>
         <load_address>0x64d</load_address>
         <run_address>0x64d</run_address>
         <size>0x29</size>
         <input_file_ref idref="fl-4"/>
      </object_component>
      <object_component id="oc-b1">
         <name>.debug_abbrev</name>
         <load_address>0x676</load_address>
         <run_address>0x676</run_address>
         <size>0x5e</size>
         <input_file_ref idref="fl-4"/>
      </object_component>
      <object_component id="oc-b2">
         <name>.debug_abbrev</name>
         <load_address>0x6d4</load_address>
         <run_address>0x6d4</run_address>
         <size>0x42</size>
         <input_file_ref idref="fl-4"/>
      </object_component>
      <object_component id="oc-84">
         <name>.debug_abbrev</name>
         <load_address>0x716</load_address>
         <run_address>0x716</run_address>
         <size>0x37</size>
         <input_file_ref idref="fl-c5"/>
      </object_component>
      <object_component id="oc-3c">
         <name>.debug_abbrev</name>
         <load_address>0x74d</load_address>
         <run_address>0x74d</run_address>
         <size>0x74</size>
         <input_file_ref idref="fl-c5"/>
      </object_component>
      <object_component id="oc-3f">
         <name>.debug_abbrev</name>
         <load_address>0x7c1</load_address>
         <run_address>0x7c1</run_address>
         <size>0x24</size>
         <input_file_ref idref="fl-c5"/>
      </object_component>
      <object_component id="oc-81">
         <name>.debug_abbrev</name>
         <load_address>0x7e5</load_address>
         <run_address>0x7e5</run_address>
         <size>0x24</size>
         <input_file_ref idref="fl-c5"/>
      </object_component>
      <object_component id="oc-bf">
         <name>.debug_abbrev</name>
         <load_address>0x809</load_address>
         <run_address>0x809</run_address>
         <size>0x37</size>
         <input_file_ref idref="fl-c6"/>
      </object_component>
      <object_component id="oc-2c">
         <name>.debug_abbrev</name>
         <load_address>0x840</load_address>
         <run_address>0x840</run_address>
         <size>0x6f</size>
         <input_file_ref idref="fl-c6"/>
      </object_component>
      <object_component id="oc-2f">
         <name>.debug_abbrev</name>
         <load_address>0x8af</load_address>
         <run_address>0x8af</run_address>
         <size>0x24</size>
         <input_file_ref idref="fl-c6"/>
      </object_component>
      <object_component id="oc-bc">
         <name>.debug_abbrev</name>
         <load_address>0x8d3</load_address>
         <run_address>0x8d3</run_address>
         <size>0x35</size>
         <input_file_ref idref="fl-c6"/>
      </object_component>
      <object_component id="oc-7a">
         <name>.debug_abbrev</name>
         <load_address>0x908</load_address>
         <run_address>0x908</run_address>
         <size>0x24</size>
         <input_file_ref idref="fl-c6"/>
      </object_component>
      <object_component id="oc-76">
         <name>.debug_abbrev</name>
         <load_address>0x92c</load_address>
         <run_address>0x92c</run_address>
         <size>0x29</size>
         <input_file_ref idref="fl-c7"/>
      </object_component>
      <object_component id="oc-a2">
         <name>.debug_abbrev</name>
         <load_address>0x955</load_address>
         <run_address>0x955</run_address>
         <size>0x55</size>
         <input_file_ref idref="fl-c7"/>
      </object_component>
      <object_component id="oc-7e">
         <name>.debug_abbrev</name>
         <load_address>0x9aa</load_address>
         <run_address>0x9aa</run_address>
         <size>0x3e</size>
         <input_file_ref idref="fl-c8"/>
      </object_component>
      <object_component id="oc-175">
         <name>.debug_abbrev</name>
         <load_address>0x9e8</load_address>
         <run_address>0x9e8</run_address>
         <size>0xc0</size>
         <input_file_ref idref="fl-ca"/>
      </object_component>
      <object_component id="oc-151">
         <name>.debug_abbrev</name>
         <load_address>0xaa8</load_address>
         <run_address>0xaa8</run_address>
         <size>0x7e</size>
         <input_file_ref idref="fl-ca"/>
      </object_component>
      <object_component id="oc-179">
         <name>.debug_abbrev</name>
         <load_address>0xb26</load_address>
         <run_address>0xb26</run_address>
         <size>0x24</size>
         <input_file_ref idref="fl-ca"/>
      </object_component>
      <object_component id="oc-18d">
         <name>.debug_abbrev</name>
         <load_address>0xb4a</load_address>
         <run_address>0xb4a</run_address>
         <size>0x24</size>
         <input_file_ref idref="fl-ca"/>
      </object_component>
      <object_component id="oc-17e">
         <name>.debug_abbrev</name>
         <load_address>0xb6e</load_address>
         <run_address>0xb6e</run_address>
         <size>0x24</size>
         <input_file_ref idref="fl-ca"/>
      </object_component>
      <object_component id="oc-183">
         <name>.debug_abbrev</name>
         <load_address>0xb92</load_address>
         <run_address>0xb92</run_address>
         <size>0x4b</size>
         <input_file_ref idref="fl-ca"/>
      </object_component>
      <object_component id="oc-c9">
         <name>.debug_abbrev</name>
         <load_address>0xbdd</load_address>
         <run_address>0xbdd</run_address>
         <size>0x55</size>
         <input_file_ref idref="fl-cb"/>
      </object_component>
      <object_component id="oc-147">
         <name>.debug_abbrev</name>
         <load_address>0xc32</load_address>
         <run_address>0xc32</run_address>
         <size>0x45</size>
         <input_file_ref idref="fl-cd"/>
      </object_component>
      <object_component id="oc-1cc">
         <name>.debug_abbrev</name>
         <load_address>0xc77</load_address>
         <run_address>0xc77</run_address>
         <size>0xf</size>
      </object_component>
      <object_component id="oc-131">
         <name>.debug_str</name>
         <load_address>0x0</load_address>
         <run_address>0x0</run_address>
         <size>0xf3</size>
         <input_file_ref idref="fl-2"/>
      </object_component>
      <object_component id="oc-146">
         <name>.debug_str</name>
         <load_address>0xf3</load_address>
         <run_address>0xf3</run_address>
         <size>0x4a2</size>
         <input_file_ref idref="fl-2"/>
      </object_component>
      <object_component id="oc-b9">
         <name>.debug_str</name>
         <load_address>0x595</load_address>
         <run_address>0x595</run_address>
         <size>0x2b8</size>
         <input_file_ref idref="fl-2"/>
      </object_component>
      <object_component id="oc-141">
         <name>.debug_str</name>
         <load_address>0x84d</load_address>
         <run_address>0x84d</run_address>
         <size>0x15fc</size>
         <input_file_ref idref="fl-2"/>
      </object_component>
      <object_component id="oc-36">
         <name>.debug_str</name>
         <load_address>0x1e49</load_address>
         <run_address>0x1e49</run_address>
         <size>0xfd</size>
         <input_file_ref idref="fl-2"/>
      </object_component>
      <object_component id="oc-12a">
         <name>.debug_str</name>
         <load_address>0x1f46</load_address>
         <run_address>0x1f46</run_address>
         <size>0x34e</size>
         <input_file_ref idref="fl-2"/>
      </object_component>
      <object_component id="oc-137">
         <name>.debug_str</name>
         <load_address>0x2294</load_address>
         <run_address>0x2294</run_address>
         <size>0x150</size>
         <input_file_ref idref="fl-2"/>
      </object_component>
      <object_component id="oc-41">
         <name>.debug_str</name>
         <load_address>0x23e4</load_address>
         <run_address>0x23e4</run_address>
         <size>0x10b</size>
         <input_file_ref idref="fl-c5"/>
      </object_component>
      <object_component id="oc-83">
         <name>.debug_str</name>
         <load_address>0x24ef</load_address>
         <run_address>0x24ef</run_address>
         <size>0x140</size>
         <input_file_ref idref="fl-c5"/>
      </object_component>
      <object_component id="oc-31">
         <name>.debug_str</name>
         <load_address>0x262f</load_address>
         <run_address>0x262f</run_address>
         <size>0x118</size>
         <input_file_ref idref="fl-c6"/>
      </object_component>
      <object_component id="oc-be">
         <name>.debug_str</name>
         <load_address>0x2747</load_address>
         <run_address>0x2747</run_address>
         <size>0x16b</size>
         <input_file_ref idref="fl-c6"/>
      </object_component>
      <object_component id="oc-7c">
         <name>.debug_str</name>
         <load_address>0x28b2</load_address>
         <run_address>0x28b2</run_address>
         <size>0x158</size>
         <input_file_ref idref="fl-c6"/>
      </object_component>
      <object_component id="oc-17b">
         <name>.debug_str</name>
         <load_address>0x2a0a</load_address>
         <run_address>0x2a0a</run_address>
         <size>0xed</size>
         <input_file_ref idref="fl-ca"/>
      </object_component>
      <object_component id="oc-18f">
         <name>.debug_str</name>
         <load_address>0x2af7</load_address>
         <run_address>0x2af7</run_address>
         <size>0x157</size>
         <input_file_ref idref="fl-ca"/>
      </object_component>
      <object_component id="oc-180">
         <name>.debug_str</name>
         <load_address>0x2c4e</load_address>
         <run_address>0x2c4e</run_address>
         <size>0x150</size>
         <input_file_ref idref="fl-ca"/>
      </object_component>
      <object_component id="oc-185">
         <name>.debug_str</name>
         <load_address>0x2d9e</load_address>
         <run_address>0x2d9e</run_address>
         <size>0x197</size>
         <input_file_ref idref="fl-ca"/>
      </object_component>
      <object_component id="oc-9c">
         <name>.debug_aranges</name>
         <load_address>0x0</load_address>
         <run_address>0x0</run_address>
         <size>0x20</size>
         <input_file_ref idref="fl-2"/>
      </object_component>
      <object_component id="oc-cd">
         <name>.debug_aranges</name>
         <load_address>0x20</load_address>
         <run_address>0x20</run_address>
         <size>0x20</size>
         <input_file_ref idref="fl-2"/>
      </object_component>
      <object_component id="oc-d2">
         <name>.debug_aranges</name>
         <load_address>0x40</load_address>
         <run_address>0x40</run_address>
         <size>0x20</size>
         <input_file_ref idref="fl-2"/>
      </object_component>
      <object_component id="oc-de">
         <name>.debug_aranges</name>
         <load_address>0x60</load_address>
         <run_address>0x60</run_address>
         <size>0x20</size>
         <input_file_ref idref="fl-2"/>
      </object_component>
      <object_component id="oc-d9">
         <name>.debug_aranges</name>
         <load_address>0x80</load_address>
         <run_address>0x80</run_address>
         <size>0x20</size>
         <input_file_ref idref="fl-2"/>
      </object_component>
      <object_component id="oc-ad">
         <name>.debug_aranges</name>
         <load_address>0xa0</load_address>
         <run_address>0xa0</run_address>
         <size>0x20</size>
         <input_file_ref idref="fl-3"/>
      </object_component>
      <object_component id="oc-6a">
         <name>.debug_aranges</name>
         <load_address>0xc0</load_address>
         <run_address>0xc0</run_address>
         <size>0x20</size>
         <input_file_ref idref="fl-4"/>
      </object_component>
      <object_component id="oc-6f">
         <name>.debug_aranges</name>
         <load_address>0xe0</load_address>
         <run_address>0xe0</run_address>
         <size>0x20</size>
         <input_file_ref idref="fl-4"/>
      </object_component>
      <object_component id="oc-20">
         <name>.debug_aranges</name>
         <load_address>0x100</load_address>
         <run_address>0x100</run_address>
         <size>0x20</size>
         <input_file_ref idref="fl-c5"/>
      </object_component>
      <object_component id="oc-1a">
         <name>.debug_aranges</name>
         <load_address>0x120</load_address>
         <run_address>0x120</run_address>
         <size>0x20</size>
         <input_file_ref idref="fl-c6"/>
      </object_component>
      <object_component id="oc-56">
         <name>.debug_aranges</name>
         <load_address>0x140</load_address>
         <run_address>0x140</run_address>
         <size>0x20</size>
         <input_file_ref idref="fl-c7"/>
      </object_component>
      <object_component id="oc-3a">
         <name>.debug_aranges</name>
         <load_address>0x160</load_address>
         <run_address>0x160</run_address>
         <size>0x20</size>
         <input_file_ref idref="fl-c8"/>
      </object_component>
      <object_component id="oc-f8">
         <name>.debug_aranges</name>
         <load_address>0x180</load_address>
         <run_address>0x180</run_address>
         <size>0x20</size>
         <input_file_ref idref="fl-ca"/>
      </object_component>
      <object_component id="oc-97">
         <name>.debug_aranges</name>
         <load_address>0x1a0</load_address>
         <run_address>0x1a0</run_address>
         <size>0x20</size>
         <input_file_ref idref="fl-cb"/>
      </object_component>
      <object_component id="oc-ec">
         <name>.debug_aranges</name>
         <load_address>0x1c0</load_address>
         <run_address>0x1c0</run_address>
         <size>0x20</size>
         <input_file_ref idref="fl-cd"/>
      </object_component>
      <object_component id="oc-e4">
         <name>.debug_pubnames</name>
         <load_address>0x0</load_address>
         <run_address>0x0</run_address>
         <size>0x1d</size>
         <input_file_ref idref="fl-2"/>
      </object_component>
      <object_component id="oc-9b">
         <name>.debug_pubnames</name>
         <load_address>0x1d</load_address>
         <run_address>0x1d</run_address>
         <size>0x1b</size>
         <input_file_ref idref="fl-2"/>
      </object_component>
      <object_component id="oc-cc">
         <name>.debug_pubnames</name>
         <load_address>0x38</load_address>
         <run_address>0x38</run_address>
         <size>0x1c</size>
         <input_file_ref idref="fl-2"/>
      </object_component>
      <object_component id="oc-d3">
         <name>.debug_pubnames</name>
         <load_address>0x54</load_address>
         <run_address>0x54</run_address>
         <size>0x1d</size>
         <input_file_ref idref="fl-2"/>
      </object_component>
      <object_component id="oc-df">
         <name>.debug_pubnames</name>
         <load_address>0x71</load_address>
         <run_address>0x71</run_address>
         <size>0x22</size>
         <input_file_ref idref="fl-2"/>
      </object_component>
      <object_component id="oc-d8">
         <name>.debug_pubnames</name>
         <load_address>0x93</load_address>
         <run_address>0x93</run_address>
         <size>0x22</size>
         <input_file_ref idref="fl-2"/>
      </object_component>
      <object_component id="oc-af">
         <name>.debug_pubnames</name>
         <load_address>0xb5</load_address>
         <run_address>0xb5</run_address>
         <size>0x21</size>
         <input_file_ref idref="fl-3"/>
      </object_component>
      <object_component id="oc-28">
         <name>.debug_pubnames</name>
         <load_address>0xd6</load_address>
         <run_address>0xd6</run_address>
         <size>0x27</size>
         <input_file_ref idref="fl-4"/>
      </object_component>
      <object_component id="oc-69">
         <name>.debug_pubnames</name>
         <load_address>0xfd</load_address>
         <run_address>0xfd</run_address>
         <size>0x24</size>
         <input_file_ref idref="fl-4"/>
      </object_component>
      <object_component id="oc-70">
         <name>.debug_pubnames</name>
         <load_address>0x121</load_address>
         <run_address>0x121</run_address>
         <size>0x26</size>
         <input_file_ref idref="fl-4"/>
      </object_component>
      <object_component id="oc-22">
         <name>.debug_pubnames</name>
         <load_address>0x147</load_address>
         <run_address>0x147</run_address>
         <size>0x2b</size>
         <input_file_ref idref="fl-c5"/>
      </object_component>
      <object_component id="oc-19">
         <name>.debug_pubnames</name>
         <load_address>0x172</load_address>
         <run_address>0x172</run_address>
         <size>0x2b</size>
         <input_file_ref idref="fl-c6"/>
      </object_component>
      <object_component id="oc-2b">
         <name>.debug_pubnames</name>
         <load_address>0x19d</load_address>
         <run_address>0x19d</run_address>
         <size>0x1e</size>
         <input_file_ref idref="fl-c7"/>
      </object_component>
      <object_component id="oc-5a">
         <name>.debug_pubnames</name>
         <load_address>0x1bb</load_address>
         <run_address>0x1bb</run_address>
         <size>0x26</size>
         <input_file_ref idref="fl-c7"/>
      </object_component>
      <object_component id="oc-39">
         <name>.debug_pubnames</name>
         <load_address>0x1e1</load_address>
         <run_address>0x1e1</run_address>
         <size>0x1d</size>
         <input_file_ref idref="fl-c8"/>
      </object_component>
      <object_component id="oc-f7">
         <name>.debug_pubnames</name>
         <load_address>0x1fe</load_address>
         <run_address>0x1fe</run_address>
         <size>0x35</size>
         <input_file_ref idref="fl-ca"/>
      </object_component>
      <object_component id="oc-96">
         <name>.debug_pubnames</name>
         <load_address>0x233</load_address>
         <run_address>0x233</run_address>
         <size>0x27</size>
         <input_file_ref idref="fl-cb"/>
      </object_component>
      <object_component id="oc-eb">
         <name>.debug_pubnames</name>
         <load_address>0x25a</load_address>
         <run_address>0x25a</run_address>
         <size>0x1c</size>
         <input_file_ref idref="fl-cd"/>
      </object_component>
      <object_component id="oc-12e">
         <name>.debug_pubtypes</name>
         <load_address>0x0</load_address>
         <run_address>0x0</run_address>
         <size>0x25</size>
         <input_file_ref idref="fl-2"/>
      </object_component>
      <object_component id="oc-143">
         <name>.debug_pubtypes</name>
         <load_address>0x25</load_address>
         <run_address>0x25</run_address>
         <size>0xdd</size>
         <input_file_ref idref="fl-2"/>
      </object_component>
      <object_component id="oc-b6">
         <name>.debug_pubtypes</name>
         <load_address>0x102</load_address>
         <run_address>0x102</run_address>
         <size>0x25c</size>
         <input_file_ref idref="fl-2"/>
      </object_component>
      <object_component id="oc-13e">
         <name>.debug_pubtypes</name>
         <load_address>0x35e</load_address>
         <run_address>0x35e</run_address>
         <size>0x2ce</size>
         <input_file_ref idref="fl-2"/>
      </object_component>
      <object_component id="oc-33">
         <name>.debug_pubtypes</name>
         <load_address>0x62c</load_address>
         <run_address>0x62c</run_address>
         <size>0xed</size>
         <input_file_ref idref="fl-2"/>
      </object_component>
      <object_component id="oc-127">
         <name>.debug_pubtypes</name>
         <load_address>0x719</load_address>
         <run_address>0x719</run_address>
         <size>0x330</size>
         <input_file_ref idref="fl-2"/>
      </object_component>
      <object_component id="oc-134">
         <name>.debug_pubtypes</name>
         <load_address>0xa49</load_address>
         <run_address>0xa49</run_address>
         <size>0xaa</size>
         <input_file_ref idref="fl-2"/>
      </object_component>
      <object_component id="oc-3e">
         <name>.debug_pubtypes</name>
         <load_address>0xaf3</load_address>
         <run_address>0xaf3</run_address>
         <size>0x48</size>
         <input_file_ref idref="fl-c5"/>
      </object_component>
      <object_component id="oc-80">
         <name>.debug_pubtypes</name>
         <load_address>0xb3b</load_address>
         <run_address>0xb3b</run_address>
         <size>0x1d</size>
         <input_file_ref idref="fl-c5"/>
      </object_component>
      <object_component id="oc-2e">
         <name>.debug_pubtypes</name>
         <load_address>0xb58</load_address>
         <run_address>0xb58</run_address>
         <size>0x5d</size>
         <input_file_ref idref="fl-c6"/>
      </object_component>
      <object_component id="oc-bb">
         <name>.debug_pubtypes</name>
         <load_address>0xbb5</load_address>
         <run_address>0xbb5</run_address>
         <size>0x48</size>
         <input_file_ref idref="fl-c6"/>
      </object_component>
      <object_component id="oc-79">
         <name>.debug_pubtypes</name>
         <load_address>0xbfd</load_address>
         <run_address>0xbfd</run_address>
         <size>0x35</size>
         <input_file_ref idref="fl-c6"/>
      </object_component>
      <object_component id="oc-178">
         <name>.debug_pubtypes</name>
         <load_address>0xc32</load_address>
         <run_address>0xc32</run_address>
         <size>0x32</size>
         <input_file_ref idref="fl-ca"/>
      </object_component>
      <object_component id="oc-18c">
         <name>.debug_pubtypes</name>
         <load_address>0xc64</load_address>
         <run_address>0xc64</run_address>
         <size>0x30</size>
         <input_file_ref idref="fl-ca"/>
      </object_component>
      <object_component id="oc-17d">
         <name>.debug_pubtypes</name>
         <load_address>0xc94</load_address>
         <run_address>0xc94</run_address>
         <size>0x2c</size>
         <input_file_ref idref="fl-ca"/>
      </object_component>
      <object_component id="oc-182">
         <name>.debug_pubtypes</name>
         <load_address>0xcc0</load_address>
         <run_address>0xcc0</run_address>
         <size>0x50</size>
         <input_file_ref idref="fl-ca"/>
      </object_component>
   </object_component_list>
   <logical_group_list>
      <logical_group id="lg-3" display="no" color="cyan">
         <name>.intvecs</name>
         <load_address>0x0</load_address>
         <run_address>0x0</run_address>
         <size>0xe4</size>
         <contents>
            <object_component_ref idref="oc-26"/>
         </contents>
      </logical_group>
      <logical_group id="lg-4" display="no" color="cyan">
         <name>.text</name>
         <load_address>0xe4</load_address>
         <run_address>0xe4</run_address>
         <size>0x5a0</size>
         <contents>
            <object_component_ref idref="oc-d0"/>
            <object_component_ref idref="oc-99"/>
            <object_component_ref idref="oc-ca"/>
            <object_component_ref idref="oc-37"/>
            <object_component_ref idref="oc-ab"/>
            <object_component_ref idref="oc-17"/>
            <object_component_ref idref="oc-f3"/>
            <object_component_ref idref="oc-d6"/>
            <object_component_ref idref="oc-dc"/>
            <object_component_ref idref="oc-55"/>
            <object_component_ref idref="oc-1d"/>
            <object_component_ref idref="oc-67"/>
            <object_component_ref idref="oc-93"/>
            <object_component_ref idref="oc-e7"/>
            <object_component_ref idref="oc-6d"/>
         </contents>
      </logical_group>
      <logical_group id="lg-5" display="no" color="cyan">
         <name>.const</name>
         <run_address>0x0</run_address>
         <size>0x0</size>
         <contents>
         </contents>
      </logical_group>
      <logical_group id="lg-6" display="no" color="cyan">
         <name>.cinit</name>
         <load_address>0x688</load_address>
         <run_address>0x688</run_address>
         <size>0x18</size>
         <contents>
            <object_component_ref idref="oc-1c6"/>
            <object_component_ref idref="oc-1c8"/>
            <object_component_ref idref="oc-1c7"/>
         </contents>
      </logical_group>
      <logical_group id="lg-7" display="no" color="cyan">
         <name>.pinit</name>
         <run_address>0x0</run_address>
         <size>0x0</size>
         <contents>
         </contents>
      </logical_group>
      <logical_group id="lg-8" display="no" color="cyan">
         <name>.init_array</name>
         <run_address>0x0</run_address>
         <size>0x0</size>
         <contents>
         </contents>
      </logical_group>
      <logical_group id="lg-9" display="no" color="cyan">
         <name>.binit</name>
         <load_address>0x0</load_address>
         <run_address>0x0</run_address>
         <size>0x0</size>
         <contents>
            <object_component_ref idref="oc-19a"/>
         </contents>
      </logical_group>
      <logical_group id="lg-a" display="no" color="cyan">
         <name>.flashMailbox</name>
         <run_address>0x0</run_address>
         <size>0x0</size>
         <contents>
         </contents>
      </logical_group>
      <logical_group id="lg-b" display="no" color="cyan">
         <name>.tlvTable</name>
         <run_address>0x0</run_address>
         <size>0x0</size>
         <contents>
         </contents>
      </logical_group>
      <logical_group id="lg-c" display="no" color="cyan">
         <name>.bslArea</name>
         <run_address>0x0</run_address>
         <size>0x0</size>
         <contents>
         </contents>
      </logical_group>
      <logical_group id="lg-d" display="no" color="cyan">
         <name>.vtable</name>
         <run_address>0x0</run_address>
         <size>0x0</size>
         <contents>
         </contents>
      </logical_group>
      <logical_group id="lg-e" display="no" color="cyan">
         <name>.data</name>
         <run_address>0x20000000</run_address>
         <size>0x1</size>
         <contents>
            <object_component_ref idref="oc-e2"/>
         </contents>
      </logical_group>
      <logical_group id="lg-f" display="no" color="cyan">
         <name>.bss</name>
         <run_address>0x0</run_address>
         <size>0x0</size>
         <contents>
         </contents>
      </logical_group>
      <logical_group id="lg-10" display="no" color="cyan">
         <name>.sysmem</name>
         <run_address>0x0</run_address>
         <size>0x0</size>
         <contents>
         </contents>
      </logical_group>
      <logical_group id="lg-11" display="no" color="cyan">
         <name>.stack</name>
         <run_address>0x2000fe00</run_address>
         <size>0x200</size>
         <contents>
            <object_component_ref idref="oc-29"/>
            <object_component_ref idref="oc-1ca"/>
         </contents>
      </logical_group>
      <logical_group id="lg-12" display="no" color="cyan">
         <name>.TI.ramfunc</name>
         <run_address>0x0</run_address>
         <size>0x0</size>
         <contents>
         </contents>
      </logical_group>
      <logical_group id="lg-197" display="no" color="cyan">
         <name>.TI.noinit</name>
         <run_address>0x0</run_address>
         <size>0x0</size>
         <contents>
         </contents>
      </logical_group>
      <logical_group id="lg-198" display="no" color="cyan">
         <name>.TI.persistent</name>
         <run_address>0x0</run_address>
         <size>0x0</size>
         <contents>
         </contents>
      </logical_group>
      <logical_group id="lg-199" display="no" color="cyan">
         <name>__llvm_prf_cnts</name>
         <run_address>0x20000000</run_address>
         <size>0x0</size>
         <contents>
         </contents>
      </logical_group>
      <logical_group id="lg-1ae" display="never" color="cyan">
         <name>.debug_info</name>
         <load_address>0x0</load_address>
         <run_address>0x0</run_address>
         <size>0x7e75</size>
         <contents>
            <object_component_ref idref="oc-e6"/>
            <object_component_ref idref="oc-e3"/>
            <object_component_ref idref="oc-9a"/>
            <object_component_ref idref="oc-cb"/>
            <object_component_ref idref="oc-d1"/>
            <object_component_ref idref="oc-dd"/>
            <object_component_ref idref="oc-d7"/>
            <object_component_ref idref="oc-12d"/>
            <object_component_ref idref="oc-142"/>
            <object_component_ref idref="oc-b5"/>
            <object_component_ref idref="oc-13d"/>
            <object_component_ref idref="oc-32"/>
            <object_component_ref idref="oc-126"/>
            <object_component_ref idref="oc-133"/>
            <object_component_ref idref="oc-ae"/>
            <object_component_ref idref="oc-75"/>
            <object_component_ref idref="oc-27"/>
            <object_component_ref idref="oc-68"/>
            <object_component_ref idref="oc-6e"/>
            <object_component_ref idref="oc-42"/>
            <object_component_ref idref="oc-21"/>
            <object_component_ref idref="oc-3d"/>
            <object_component_ref idref="oc-7f"/>
            <object_component_ref idref="oc-7d"/>
            <object_component_ref idref="oc-18"/>
            <object_component_ref idref="oc-2d"/>
            <object_component_ref idref="oc-ba"/>
            <object_component_ref idref="oc-78"/>
            <object_component_ref idref="oc-2a"/>
            <object_component_ref idref="oc-59"/>
            <object_component_ref idref="oc-38"/>
            <object_component_ref idref="oc-152"/>
            <object_component_ref idref="oc-f6"/>
            <object_component_ref idref="oc-177"/>
            <object_component_ref idref="oc-18b"/>
            <object_component_ref idref="oc-17c"/>
            <object_component_ref idref="oc-181"/>
            <object_component_ref idref="oc-95"/>
            <object_component_ref idref="oc-ea"/>
            <object_component_ref idref="oc-1cb"/>
         </contents>
      </logical_group>
      <logical_group id="lg-1b0" display="never" color="cyan">
         <name>.debug_line</name>
         <load_address>0x0</load_address>
         <run_address>0x0</run_address>
         <size>0xe86</size>
         <contents>
            <object_component_ref idref="oc-13c"/>
            <object_component_ref idref="oc-13a"/>
            <object_component_ref idref="oc-9d"/>
            <object_component_ref idref="oc-cf"/>
            <object_component_ref idref="oc-d4"/>
            <object_component_ref idref="oc-e1"/>
            <object_component_ref idref="oc-da"/>
            <object_component_ref idref="oc-130"/>
            <object_component_ref idref="oc-145"/>
            <object_component_ref idref="oc-b8"/>
            <object_component_ref idref="oc-140"/>
            <object_component_ref idref="oc-35"/>
            <object_component_ref idref="oc-129"/>
            <object_component_ref idref="oc-136"/>
            <object_component_ref idref="oc-b0"/>
            <object_component_ref idref="oc-b4"/>
            <object_component_ref idref="oc-74"/>
            <object_component_ref idref="oc-6c"/>
            <object_component_ref idref="oc-72"/>
            <object_component_ref idref="oc-85"/>
            <object_component_ref idref="oc-1e"/>
            <object_component_ref idref="oc-40"/>
            <object_component_ref idref="oc-82"/>
            <object_component_ref idref="oc-c0"/>
            <object_component_ref idref="oc-1c"/>
            <object_component_ref idref="oc-30"/>
            <object_component_ref idref="oc-bd"/>
            <object_component_ref idref="oc-7b"/>
            <object_component_ref idref="oc-77"/>
            <object_component_ref idref="oc-58"/>
            <object_component_ref idref="oc-3b"/>
            <object_component_ref idref="oc-176"/>
            <object_component_ref idref="oc-f4"/>
            <object_component_ref idref="oc-17a"/>
            <object_component_ref idref="oc-18e"/>
            <object_component_ref idref="oc-17f"/>
            <object_component_ref idref="oc-184"/>
            <object_component_ref idref="oc-94"/>
            <object_component_ref idref="oc-e8"/>
         </contents>
      </logical_group>
      <logical_group id="lg-1b2" display="never" color="cyan">
         <name>.debug_frame</name>
         <load_address>0x0</load_address>
         <run_address>0x0</run_address>
         <size>0x4d0</size>
         <contents>
            <object_component_ref idref="oc-9e"/>
            <object_component_ref idref="oc-ce"/>
            <object_component_ref idref="oc-d5"/>
            <object_component_ref idref="oc-e0"/>
            <object_component_ref idref="oc-db"/>
            <object_component_ref idref="oc-ac"/>
            <object_component_ref idref="oc-6b"/>
            <object_component_ref idref="oc-71"/>
            <object_component_ref idref="oc-1f"/>
            <object_component_ref idref="oc-1b"/>
            <object_component_ref idref="oc-57"/>
            <object_component_ref idref="oc-f5"/>
            <object_component_ref idref="oc-98"/>
            <object_component_ref idref="oc-e9"/>
         </contents>
      </logical_group>
      <logical_group id="lg-1b4" display="never" color="cyan">
         <name>.debug_abbrev</name>
         <load_address>0x0</load_address>
         <run_address>0x0</run_address>
         <size>0xc86</size>
         <contents>
            <object_component_ref idref="oc-13b"/>
            <object_component_ref idref="oc-139"/>
            <object_component_ref idref="oc-e5"/>
            <object_component_ref idref="oc-12b"/>
            <object_component_ref idref="oc-12c"/>
            <object_component_ref idref="oc-138"/>
            <object_component_ref idref="oc-132"/>
            <object_component_ref idref="oc-12f"/>
            <object_component_ref idref="oc-144"/>
            <object_component_ref idref="oc-b7"/>
            <object_component_ref idref="oc-13f"/>
            <object_component_ref idref="oc-34"/>
            <object_component_ref idref="oc-128"/>
            <object_component_ref idref="oc-135"/>
            <object_component_ref idref="oc-125"/>
            <object_component_ref idref="oc-b3"/>
            <object_component_ref idref="oc-73"/>
            <object_component_ref idref="oc-b1"/>
            <object_component_ref idref="oc-b2"/>
            <object_component_ref idref="oc-84"/>
            <object_component_ref idref="oc-3c"/>
            <object_component_ref idref="oc-3f"/>
            <object_component_ref idref="oc-81"/>
            <object_component_ref idref="oc-bf"/>
            <object_component_ref idref="oc-2c"/>
            <object_component_ref idref="oc-2f"/>
            <object_component_ref idref="oc-bc"/>
            <object_component_ref idref="oc-7a"/>
            <object_component_ref idref="oc-76"/>
            <object_component_ref idref="oc-a2"/>
            <object_component_ref idref="oc-7e"/>
            <object_component_ref idref="oc-175"/>
            <object_component_ref idref="oc-151"/>
            <object_component_ref idref="oc-179"/>
            <object_component_ref idref="oc-18d"/>
            <object_component_ref idref="oc-17e"/>
            <object_component_ref idref="oc-183"/>
            <object_component_ref idref="oc-c9"/>
            <object_component_ref idref="oc-147"/>
            <object_component_ref idref="oc-1cc"/>
         </contents>
      </logical_group>
      <logical_group id="lg-1b6" display="never" color="cyan">
         <name>.debug_str</name>
         <load_address>0x0</load_address>
         <run_address>0x0</run_address>
         <size>0x2f35</size>
         <contents>
            <object_component_ref idref="oc-131"/>
            <object_component_ref idref="oc-146"/>
            <object_component_ref idref="oc-b9"/>
            <object_component_ref idref="oc-141"/>
            <object_component_ref idref="oc-36"/>
            <object_component_ref idref="oc-12a"/>
            <object_component_ref idref="oc-137"/>
            <object_component_ref idref="oc-41"/>
            <object_component_ref idref="oc-83"/>
            <object_component_ref idref="oc-31"/>
            <object_component_ref idref="oc-be"/>
            <object_component_ref idref="oc-7c"/>
            <object_component_ref idref="oc-17b"/>
            <object_component_ref idref="oc-18f"/>
            <object_component_ref idref="oc-180"/>
            <object_component_ref idref="oc-185"/>
         </contents>
      </logical_group>
      <logical_group id="lg-1b8" display="never" color="cyan">
         <name>.debug_aranges</name>
         <load_address>0x0</load_address>
         <run_address>0x0</run_address>
         <size>0x1e0</size>
         <contents>
            <object_component_ref idref="oc-9c"/>
            <object_component_ref idref="oc-cd"/>
            <object_component_ref idref="oc-d2"/>
            <object_component_ref idref="oc-de"/>
            <object_component_ref idref="oc-d9"/>
            <object_component_ref idref="oc-ad"/>
            <object_component_ref idref="oc-6a"/>
            <object_component_ref idref="oc-6f"/>
            <object_component_ref idref="oc-20"/>
            <object_component_ref idref="oc-1a"/>
            <object_component_ref idref="oc-56"/>
            <object_component_ref idref="oc-3a"/>
            <object_component_ref idref="oc-f8"/>
            <object_component_ref idref="oc-97"/>
            <object_component_ref idref="oc-ec"/>
         </contents>
      </logical_group>
      <logical_group id="lg-1ba" display="never" color="cyan">
         <name>.debug_pubnames</name>
         <load_address>0x0</load_address>
         <run_address>0x0</run_address>
         <size>0x276</size>
         <contents>
            <object_component_ref idref="oc-e4"/>
            <object_component_ref idref="oc-9b"/>
            <object_component_ref idref="oc-cc"/>
            <object_component_ref idref="oc-d3"/>
            <object_component_ref idref="oc-df"/>
            <object_component_ref idref="oc-d8"/>
            <object_component_ref idref="oc-af"/>
            <object_component_ref idref="oc-28"/>
            <object_component_ref idref="oc-69"/>
            <object_component_ref idref="oc-70"/>
            <object_component_ref idref="oc-22"/>
            <object_component_ref idref="oc-19"/>
            <object_component_ref idref="oc-2b"/>
            <object_component_ref idref="oc-5a"/>
            <object_component_ref idref="oc-39"/>
            <object_component_ref idref="oc-f7"/>
            <object_component_ref idref="oc-96"/>
            <object_component_ref idref="oc-eb"/>
         </contents>
      </logical_group>
      <logical_group id="lg-1bc" display="never" color="cyan">
         <name>.debug_pubtypes</name>
         <load_address>0x0</load_address>
         <run_address>0x0</run_address>
         <size>0xd10</size>
         <contents>
            <object_component_ref idref="oc-12e"/>
            <object_component_ref idref="oc-143"/>
            <object_component_ref idref="oc-b6"/>
            <object_component_ref idref="oc-13e"/>
            <object_component_ref idref="oc-33"/>
            <object_component_ref idref="oc-127"/>
            <object_component_ref idref="oc-134"/>
            <object_component_ref idref="oc-3e"/>
            <object_component_ref idref="oc-80"/>
            <object_component_ref idref="oc-2e"/>
            <object_component_ref idref="oc-bb"/>
            <object_component_ref idref="oc-79"/>
            <object_component_ref idref="oc-178"/>
            <object_component_ref idref="oc-18c"/>
            <object_component_ref idref="oc-17d"/>
            <object_component_ref idref="oc-182"/>
         </contents>
      </logical_group>
      <logical_group id="lg-1c9" display="no" color="cyan">
         <name>Veneer$$CMSE</name>
         <run_address>0x0</run_address>
         <size>0x0</size>
         <contents>
         </contents>
      </logical_group>
      <load_segment id="lg-1ce" display="no" color="cyan">
         <name>SEGMENT_0</name>
         <load_address>0x0</load_address>
         <run_address>0x0</run_address>
         <size>0x6a0</size>
         <flags>0x5</flags>
         <contents>
            <logical_group_ref idref="lg-3"/>
            <logical_group_ref idref="lg-4"/>
            <logical_group_ref idref="lg-6"/>
         </contents>
      </load_segment>
      <load_segment id="lg-1cf" display="no" color="cyan">
         <name>SEGMENT_1</name>
         <run_address>0x20000000</run_address>
         <size>0x1</size>
         <flags>0x6</flags>
         <contents>
            <logical_group_ref idref="lg-e"/>
         </contents>
      </load_segment>
      <load_segment id="lg-1d0" display="no" color="cyan">
         <name>SEGMENT_2</name>
         <run_address>0x2000fe00</run_address>
         <size>0x200</size>
         <flags>0x6</flags>
         <contents>
            <logical_group_ref idref="lg-11"/>
         </contents>
      </load_segment>
   </logical_group_list>
   <placement_map>
      <memory_area display="yes" color="green">
         <name>MAIN</name>
         <page_id>0x0</page_id>
         <origin>0x0</origin>
         <length>0x40000</length>
         <used_space>0x69c</used_space>
         <unused_space>0x3f964</unused_space>
         <attributes>RX</attributes>
         <usage_details>
            <allocated_space>
               <start_address>0x0</start_address>
               <size>0x0</size>
               <logical_group_ref idref="lg-9"/>
            </allocated_space>
            <allocated_space>
               <start_address>0x0</start_address>
               <size>0xe4</size>
               <logical_group_ref idref="lg-3"/>
            </allocated_space>
            <allocated_space>
               <start_address>0xe4</start_address>
               <size>0x5a0</size>
               <logical_group_ref idref="lg-4"/>
            </allocated_space>
            <available_space>
               <start_address>0x684</start_address>
               <size>0x4</size>
            </available_space>
            <allocated_space>
               <start_address>0x688</start_address>
               <size>0x18</size>
               <logical_group_ref idref="lg-6"/>
            </allocated_space>
            <available_space>
               <start_address>0x6a0</start_address>
               <size>0x3f960</size>
            </available_space>
         </usage_details>
      </memory_area>
      <memory_area display="yes" color="green">
         <name>INFO</name>
         <page_id>0x0</page_id>
         <origin>0x200000</origin>
         <length>0x4000</length>
         <used_space>0x0</used_space>
         <unused_space>0x4000</unused_space>
         <attributes>RX</attributes>
         <usage_details>
         </usage_details>
      </memory_area>
      <memory_area display="yes" color="green">
         <name>SRAM_CODE</name>
         <page_id>0x0</page_id>
         <origin>0x1000000</origin>
         <length>0x10000</length>
         <used_space>0x201</used_space>
         <unused_space>0xfdff</unused_space>
         <attributes>RWX</attributes>
         <usage_details>
            <allocated_space>
               <start_address>0x1000000</start_address>
               <size>0x0</size>
               <logical_group_ref idref="lg-199"/>
            </allocated_space>
            <allocated_space>
               <start_address>0x1000000</start_address>
               <size>0x1</size>
               <logical_group_ref idref="lg-e"/>
            </allocated_space>
            <available_space>
               <start_address>0x1000001</start_address>
               <size>0xfdff</size>
            </available_space>
            <allocated_space>
               <start_address>0x100fe00</start_address>
               <size>0x200</size>
               <logical_group_ref idref="lg-11"/>
            </allocated_space>
         </usage_details>
      </memory_area>
      <memory_area display="yes" color="green">
         <name>SRAM_DATA</name>
         <page_id>0x0</page_id>
         <origin>0x20000000</origin>
         <length>0x10000</length>
         <used_space>0x201</used_space>
         <unused_space>0xfdff</unused_space>
         <attributes>RW</attributes>
         <usage_details>
            <allocated_space>
               <start_address>0x20000000</start_address>
               <size>0x0</size>
               <logical_group_ref idref="lg-199"/>
            </allocated_space>
            <allocated_space>
               <start_address>0x20000000</start_address>
               <size>0x1</size>
               <logical_group_ref idref="lg-e"/>
            </allocated_space>
            <available_space>
               <start_address>0x20000001</start_address>
               <size>0xfdff</size>
            </available_space>
            <allocated_space>
               <start_address>0x2000fe00</start_address>
               <size>0x200</size>
               <logical_group_ref idref="lg-11"/>
            </allocated_space>
         </usage_details>
      </memory_area>
   </placement_map>
   <cptbl_list>
      <cptbl>
         <name>__TI_cinit_table</name>
         <cprec>
            <name>.data</name>
            <load_address>0x690</load_address>
            <load_size>0x5</load_size>
            <run_address>0x20000000</run_address>
            <run_size>0x1</run_size>
            <compression>lzss</compression>
         </cprec>
      </cptbl>
   </cptbl_list>
   <handler_table>
      <handler_table_name>__TI_handler_table</handler_table_name>
      <handler>
         <index>0x0</index>
         <name>__TI_decompress_lzss</name>
      </handler>
      <handler>
         <index>0x1</index>
         <name>__TI_decompress_none</name>
      </handler>
   </handler_table>
   <symbol_table>
      <symbol id="sm-1">
         <name>WDTCTL_SYM</name>
         <value>0x4000480c</value>
      </symbol>
      <symbol id="sm-2">
         <name>__start___llvm_prf_cnts</name>
         <value>0x20000000</value>
      </symbol>
      <symbol id="sm-3">
         <name>__stop___llvm_prf_cnts</name>
         <value>0x20000000</value>
      </symbol>
      <symbol id="sm-4">
         <name>__TI_CINIT_Base</name>
         <value>0x698</value>
      </symbol>
      <symbol id="sm-5">
         <name>__TI_CINIT_Limit</name>
         <value>0x6a0</value>
      </symbol>
      <symbol id="sm-6">
         <name>__TI_Handler_Table_Base</name>
         <value>0x688</value>
      </symbol>
      <symbol id="sm-7">
         <name>__TI_Handler_Table_Limit</name>
         <value>0x690</value>
      </symbol>
      <symbol id="sm-8">
         <name>binit</name>
         <value>0xffffffff</value>
      </symbol>
      <symbol id="sm-9">
         <name>__binit__</name>
         <value>0xffffffff</value>
      </symbol>
      <symbol id="sm-a">
         <name>__STACK_SIZE</name>
         <value>0x200</value>
      </symbol>
      <symbol id="sm-b">
         <name>__STACK_END</name>
         <value>0x20010000</value>
      </symbol>
      <symbol id="sm-c">
         <name>__c_args__</name>
         <value>0xffffffff</value>
      </symbol>
      <symbol id="sm-d">
         <name>__TI_pprof_out_hndl</name>
         <value>0xffffffff</value>
      </symbol>
      <symbol id="sm-e">
         <name>__TI_prof_data_start</name>
         <value>0xffffffff</value>
      </symbol>
      <symbol id="sm-f">
         <name>__TI_prof_data_size</name>
         <value>0xffffffff</value>
      </symbol>
      <symbol id="sm-b0">
         <name>SpeedD</name>
         <value>0x20000000</value>
         <object_component_ref idref="oc-e2"/>
      </symbol>
      <symbol id="sm-b1">
         <name>toggle</name>
         <value>0xe5</value>
         <object_component_ref idref="oc-d0"/>
      </symbol>
      <symbol id="sm-b2">
         <name>myTimeDelay</name>
         <value>0x5f5</value>
         <object_component_ref idref="oc-dc"/>
      </symbol>
      <symbol id="sm-b3">
         <name>main</name>
         <value>0x229</value>
         <object_component_ref idref="oc-99"/>
      </symbol>
      <symbol id="sm-b4">
         <name>stateSwitch</name>
         <value>0x5b9</value>
         <object_component_ref idref="oc-d6"/>
      </symbol>
      <symbol id="sm-b5">
         <name>setup</name>
         <value>0x339</value>
         <object_component_ref idref="oc-ca"/>
      </symbol>
      <symbol id="sm-c8">
         <name>SystemInit</name>
         <value>0x495</value>
         <object_component_ref idref="oc-ab"/>
      </symbol>
      <symbol id="sm-e4">
         <name>Reset_Handler</name>
         <value>0x66f</value>
         <object_component_ref idref="oc-67"/>
      </symbol>
      <symbol id="sm-e5">
         <name>Default_Handler</name>
         <value>0x683</value>
         <object_component_ref idref="oc-6d"/>
      </symbol>
      <symbol id="sm-e6">
         <name>interruptVectors</name>
         <value>0x0</value>
         <object_component_ref idref="oc-26"/>
      </symbol>
      <symbol id="sm-fe">
         <name>__TI_decompress_none</name>
         <value>0x661</value>
         <object_component_ref idref="oc-1d"/>
      </symbol>
      <symbol id="sm-121">
         <name>__TI_decompress_lzss</name>
         <value>0x50d</value>
         <object_component_ref idref="oc-17"/>
      </symbol>
      <symbol id="sm-134">
         <name>__stack</name>
         <value>0x2000fe00</value>
         <object_component_ref idref="oc-29"/>
      </symbol>
      <symbol id="sm-135">
         <name>_c_int00_noargs</name>
         <value>0x62d</value>
         <object_component_ref idref="oc-55"/>
      </symbol>
      <symbol id="sm-150">
         <name>memcpy</name>
         <value>0x3f9</value>
         <object_component_ref idref="oc-37"/>
      </symbol>
      <symbol id="sm-151">
         <name>__aeabi_memcpy</name>
         <value>0x3f9</value>
         <object_component_ref idref="oc-37"/>
      </symbol>
      <symbol id="sm-152">
         <name>__aeabi_memcpy8</name>
         <value>0x3f9</value>
         <object_component_ref idref="oc-37"/>
      </symbol>
      <symbol id="sm-153">
         <name>__aeabi_memcpy4</name>
         <value>0x3f9</value>
         <object_component_ref idref="oc-37"/>
      </symbol>
      <symbol id="sm-17c">
         <name>__TI_auto_init_nobinit_nopinit</name>
         <value>0x575</value>
         <object_component_ref idref="oc-f3"/>
      </symbol>
      <symbol id="sm-186">
         <name>_system_pre_init</name>
         <value>0x67b</value>
         <object_component_ref idref="oc-93"/>
      </symbol>
      <symbol id="sm-192">
         <name>C$$EXIT</name>
         <value>0x67f</value>
         <object_component_ref idref="oc-e7"/>
      </symbol>
      <symbol id="sm-193">
         <name>abort</name>
         <value>0x67f</value>
         <object_component_ref idref="oc-e7"/>
      </symbol>
      <symbol id="sm-196">
         <name>__TI_static_base__</name>
         <value>0x0</value>
      </symbol>
      <symbol id="sm-199">
         <name>__mpu_init</name>
         <value>0x0</value>
      </symbol>
      <symbol id="sm-19a">
         <name>_system_post_cinit</name>
         <value>0x0</value>
      </symbol>
      <symbol id="sm-19b">
         <name>NMI_Handler</name>
         <value>0x683</value>
      </symbol>
      <symbol id="sm-19c">
         <name>HardFault_Handler</name>
         <value>0x683</value>
      </symbol>
      <symbol id="sm-19d">
         <name>MemManage_Handler</name>
         <value>0x683</value>
      </symbol>
      <symbol id="sm-19e">
         <name>BusFault_Handler</name>
         <value>0x683</value>
      </symbol>
      <symbol id="sm-19f">
         <name>UsageFault_Handler</name>
         <value>0x683</value>
      </symbol>
      <symbol id="sm-1a0">
         <name>SVC_Handler</name>
         <value>0x683</value>
      </symbol>
      <symbol id="sm-1a1">
         <name>DebugMon_Handler</name>
         <value>0x683</value>
      </symbol>
      <symbol id="sm-1a2">
         <name>PendSV_Handler</name>
         <value>0x683</value>
      </symbol>
      <symbol id="sm-1a3">
         <name>SysTick_Handler</name>
         <value>0x683</value>
      </symbol>
      <symbol id="sm-1a4">
         <name>PSS_IRQHandler</name>
         <value>0x683</value>
      </symbol>
      <symbol id="sm-1a5">
         <name>CS_IRQHandler</name>
         <value>0x683</value>
      </symbol>
      <symbol id="sm-1a6">
         <name>PCM_IRQHandler</name>
         <value>0x683</value>
      </symbol>
      <symbol id="sm-1a7">
         <name>WDT_A_IRQHandler</name>
         <value>0x683</value>
      </symbol>
      <symbol id="sm-1a8">
         <name>FPU_IRQHandler</name>
         <value>0x683</value>
      </symbol>
      <symbol id="sm-1a9">
         <name>FLCTL_IRQHandler</name>
         <value>0x683</value>
      </symbol>
      <symbol id="sm-1aa">
         <name>COMP_E0_IRQHandler</name>
         <value>0x683</value>
      </symbol>
      <symbol id="sm-1ab">
         <name>COMP_E1_IRQHandler</name>
         <value>0x683</value>
      </symbol>
      <symbol id="sm-1ac">
         <name>TA0_0_IRQHandler</name>
         <value>0x683</value>
      </symbol>
      <symbol id="sm-1ad">
         <name>TA0_N_IRQHandler</name>
         <value>0x683</value>
      </symbol>
      <symbol id="sm-1ae">
         <name>TA1_0_IRQHandler</name>
         <value>0x683</value>
      </symbol>
      <symbol id="sm-1af">
         <name>TA1_N_IRQHandler</name>
         <value>0x683</value>
      </symbol>
      <symbol id="sm-1b0">
         <name>TA2_0_IRQHandler</name>
         <value>0x683</value>
      </symbol>
      <symbol id="sm-1b1">
         <name>TA2_N_IRQHandler</name>
         <value>0x683</value>
      </symbol>
      <symbol id="sm-1b2">
         <name>TA3_0_IRQHandler</name>
         <value>0x683</value>
      </symbol>
      <symbol id="sm-1b3">
         <name>TA3_N_IRQHandler</name>
         <value>0x683</value>
      </symbol>
      <symbol id="sm-1b4">
         <name>EUSCIA0_IRQHandler</name>
         <value>0x683</value>
      </symbol>
      <symbol id="sm-1b5">
         <name>EUSCIA1_IRQHandler</name>
         <value>0x683</value>
      </symbol>
      <symbol id="sm-1b6">
         <name>EUSCIA2_IRQHandler</name>
         <value>0x683</value>
      </symbol>
      <symbol id="sm-1b7">
         <name>EUSCIA3_IRQHandler</name>
         <value>0x683</value>
      </symbol>
      <symbol id="sm-1b8">
         <name>EUSCIB0_IRQHandler</name>
         <value>0x683</value>
      </symbol>
      <symbol id="sm-1b9">
         <name>EUSCIB1_IRQHandler</name>
         <value>0x683</value>
      </symbol>
      <symbol id="sm-1ba">
         <name>EUSCIB2_IRQHandler</name>
         <value>0x683</value>
      </symbol>
      <symbol id="sm-1bb">
         <name>EUSCIB3_IRQHandler</name>
         <value>0x683</value>
      </symbol>
      <symbol id="sm-1bc">
         <name>ADC14_IRQHandler</name>
         <value>0x683</value>
      </symbol>
      <symbol id="sm-1bd">
         <name>T32_INT1_IRQHandler</name>
         <value>0x683</value>
      </symbol>
      <symbol id="sm-1be">
         <name>T32_INT2_IRQHandler</name>
         <value>0x683</value>
      </symbol>
      <symbol id="sm-1bf">
         <name>T32_INTC_IRQHandler</name>
         <value>0x683</value>
      </symbol>
      <symbol id="sm-1c0">
         <name>AES256_IRQHandler</name>
         <value>0x683</value>
      </symbol>
      <symbol id="sm-1c1">
         <name>RTC_C_IRQHandler</name>
         <value>0x683</value>
      </symbol>
      <symbol id="sm-1c2">
         <name>DMA_ERR_IRQHandler</name>
         <value>0x683</value>
      </symbol>
      <symbol id="sm-1c3">
         <name>DMA_INT3_IRQHandler</name>
         <value>0x683</value>
      </symbol>
      <symbol id="sm-1c4">
         <name>DMA_INT2_IRQHandler</name>
         <value>0x683</value>
      </symbol>
      <symbol id="sm-1c5">
         <name>DMA_INT1_IRQHandler</name>
         <value>0x683</value>
      </symbol>
      <symbol id="sm-1c6">
         <name>DMA_INT0_IRQHandler</name>
         <value>0x683</value>
      </symbol>
      <symbol id="sm-1c7">
         <name>PORT1_IRQHandler</name>
         <value>0x683</value>
      </symbol>
      <symbol id="sm-1c8">
         <name>PORT2_IRQHandler</name>
         <value>0x683</value>
      </symbol>
      <symbol id="sm-1c9">
         <name>PORT3_IRQHandler</name>
         <value>0x683</value>
      </symbol>
      <symbol id="sm-1ca">
         <name>PORT4_IRQHandler</name>
         <value>0x683</value>
      </symbol>
      <symbol id="sm-1cb">
         <name>PORT5_IRQHandler</name>
         <value>0x683</value>
      </symbol>
      <symbol id="sm-1cc">
         <name>PORT6_IRQHandler</name>
         <value>0x683</value>
      </symbol>
   </symbol_table>
   <title>Link successful</title>
</link_info>
